experiment_name,date,description,current_dir,POP_SIZE,PROB_MUT,PX,GMAX,DAT_SIZE,all_features_fitness,all_feature_ngenes,all_feature_acc,elite_fitness,elite_ngenes,elite_acc,pob_fitness_avg,pob_accuracy_avg,pob_ngenes_avg,pob_fitness_std,pob_accuracy_std,pob_ngenes_std,pob_fitness_max,pob_accuracy_max,pob_ngenes_max,experiment_group,group
leukemia_base_0001_0,2024-03-23,multiexperiments,/root/ealab/expga1,100,1.0,0.75,20,38,0.456,7129,0.912,0.952,680,1.0,0.952,1.0,680.0,0.0,0.0,0.0,0.952,1.0,680,leukemia_base_0001,original
leukemia_base_0001_1,2024-03-23,multiexperiments,/root/ealab/expga1,100,1.0,0.75,20,38,0.456,7129,0.912,0.951,700,1.0,0.951,1.0,700.0,0.0,0.0,0.0,0.951,1.0,700,leukemia_base_0001,original
leukemia_base_0001_2,2024-03-23,multiexperiments,/root/ealab/expga1,100,1.0,0.75,20,38,0.456,7129,0.912,0.953,674,1.0,0.953,1.0,674.0,0.0,0.0,0.0,0.953,1.0,674,leukemia_base_0001,original
leukemia_base_0001_3,2024-03-23,multiexperiments,/root/ealab/expga1,100,1.0,0.75,20,38,0.456,7129,0.912,0.949,733,1.0,0.949,1.0,733.0,0.0,0.0,0.0,0.949,1.0,733,leukemia_base_0001,original
leukemia_base_0001_4,2024-03-23,multiexperiments,/root/ealab/expga1,100,1.0,0.75,20,38,0.456,7129,0.912,0.939,654,0.971,0.939,0.971,654.0,0.0,0.0,0.0,0.939,0.971,654,leukemia_base_0001,original
leukemia_base_0001_5,2024-03-23,multiexperiments,/root/ealab/expga1,100,1.0,0.75,20,38,0.456,7129,0.912,0.952,688,1.0,0.952,1.0,688.0,0.0,0.0,0.0,0.952,1.0,688,leukemia_base_0001,original
leukemia_base_0001_6,2024-03-23,multiexperiments,/root/ealab/expga1,100,1.0,0.75,20,38,0.456,7129,0.912,0.953,677,1.0,0.953,1.0,677.0,0.0,0.0,0.0,0.953,1.0,677,leukemia_base_0001,original
leukemia_base_0001_7,2024-03-23,multiexperiments,/root/ealab/expga1,100,1.0,0.75,20,38,0.456,7129,0.912,0.951,692,1.0,0.951,1.0,692.0,0.0,0.0,0.0,0.951,1.0,692,leukemia_base_0001,original
leukemia_base_0001_8,2024-03-23,multiexperiments,/root/ealab/expga1,100,1.0,0.75,20,38,0.456,7129,0.912,0.95,715,1.0,0.95,1.0,715.0,0.0,0.0,0.0,0.95,1.0,715,leukemia_base_0001,original
leukemia_base_0001_9,2024-03-23,multiexperiments,/root/ealab/expga1,100,1.0,0.75,20,38,0.456,7129,0.912,0.94,650,0.971,0.938,0.968,650.0,0.009,0.019,0.141,0.94,0.971,651,leukemia_base_0001,original
leukemia_base_0001_10,2024-03-23,multiexperiments,/root/ealab/expga1,100,1.0,0.75,20,38,0.456,7129,0.912,0.938,679,0.971,0.938,0.971,679.0,0.0,0.0,0.0,0.938,0.971,679,leukemia_base_0001,original
leukemia_base_0001_11,2024-03-23,multiexperiments,/root/ealab/expga1,100,1.0,0.75,20,38,0.456,7129,0.912,0.954,661,1.0,0.954,1.0,661.0,0.0,0.0,0.0,0.954,1.0,661,leukemia_base_0001,original
leukemia_base_0001_12,2024-03-23,multiexperiments,/root/ealab/expga1,100,1.0,0.75,20,38,0.456,7129,0.912,0.937,694,0.971,0.937,0.971,694.0,0.0,0.0,0.0,0.937,0.971,694,leukemia_base_0001,original
leukemia_base_0001_13,2024-03-23,multiexperiments,/root/ealab/expga1,100,1.0,0.75,20,38,0.456,7129,0.912,0.952,682,1.0,0.952,1.0,682.0,0.0,0.0,0.0,0.952,1.0,682,leukemia_base_0001,original
leukemia_base_0001_14,2024-03-23,multiexperiments,/root/ealab/expga1,100,1.0,0.75,20,38,0.456,7129,0.912,0.951,700,1.0,0.951,1.0,700.0,0.0,0.0,0.0,0.951,1.0,700,leukemia_base_0001,original
leukemia_base_0001_15,2024-03-23,multiexperiments,/root/ealab/expga1,100,1.0,0.75,20,38,0.456,7129,0.912,0.95,720,1.0,0.95,1.0,720.0,0.0,0.0,0.0,0.95,1.0,720,leukemia_base_0001,original
leukemia_base_0001_16,2024-03-23,multiexperiments,/root/ealab/expga1,100,1.0,0.75,20,38,0.456,7129,0.912,0.939,659,0.971,0.939,0.971,659.0,0.0,0.0,0.0,0.939,0.971,659,leukemia_base_0001,original
leukemia_base_0001_17,2024-03-23,multiexperiments,/root/ealab/expga1,100,1.0,0.75,20,38,0.456,7129,0.912,0.949,722,1.0,0.949,1.0,722.0,0.0,0.0,0.0,0.949,1.0,722,leukemia_base_0001,original
leukemia_base_0001_18,2024-03-23,multiexperiments,/root/ealab/expga1,100,1.0,0.75,20,38,0.456,7129,0.912,0.952,690,1.0,0.952,1.0,690.0,0.0,0.0,0.0,0.952,1.0,690,leukemia_base_0001,original
leukemia_base_0001_19,2024-03-23,multiexperiments,/root/ealab/expga1,100,1.0,0.75,20,38,0.456,7129,0.912,0.953,676,1.0,0.953,1.0,676.0,0.0,0.0,0.0,0.953,1.0,676,leukemia_base_0001,original
leukemia_base_0001_20,2024-03-23,multiexperiments,/root/ealab/expga1,100,1.0,0.75,20,38,0.456,7129,0.912,0.941,632,0.971,0.941,0.971,632.0,0.0,0.0,0.0,0.941,0.971,632,leukemia_base_0001,original
leukemia_base_0001_21,2024-03-23,multiexperiments,/root/ealab/expga1,100,1.0,0.75,20,38,0.456,7129,0.912,0.951,704,1.0,0.951,1.0,704.0,0.0,0.0,0.0,0.951,1.0,704,leukemia_base_0001,original
leukemia_base_0001_22,2024-03-23,multiexperiments,/root/ealab/expga1,100,1.0,0.75,20,38,0.456,7129,0.912,0.937,690,0.971,0.937,0.971,690.0,0.0,0.0,0.0,0.937,0.971,690,leukemia_base_0001,original
leukemia_base_0001_23,2024-03-23,multiexperiments,/root/ealab/expga1,100,1.0,0.75,20,38,0.456,7129,0.912,0.955,646,1.0,0.955,1.0,646.0,0.0,0.0,0.0,0.955,1.0,646,leukemia_base_0001,original
leukemia_base_0001_24,2024-03-23,multiexperiments,/root/ealab/expga1,100,1.0,0.75,20,38,0.456,7129,0.912,0.953,663,1.0,0.953,1.0,663.0,0.0,0.0,0.0,0.953,1.0,663,leukemia_base_0001,original
leukemia_base_0001_25,2024-03-23,multiexperiments,/root/ealab/expga1,100,1.0,0.75,20,38,0.456,7129,0.912,0.953,676,1.0,0.953,1.0,676.0,0.0,0.0,0.0,0.953,1.0,676,leukemia_base_0001,original
leukemia_base_0001_26,2024-03-23,multiexperiments,/root/ealab/expga1,100,1.0,0.75,20,38,0.456,7129,0.912,0.955,644,1.0,0.955,1.0,644.0,0.0,0.0,0.0,0.955,1.0,644,leukemia_base_0001,original
leukemia_base_0001_27,2024-03-23,multiexperiments,/root/ealab/expga1,100,1.0,0.75,20,38,0.456,7129,0.912,0.949,734,1.0,0.949,1.0,734.0,0.0,0.0,0.0,0.949,1.0,734,leukemia_base_0001,original
leukemia_base_0001_28,2024-03-23,multiexperiments,/root/ealab/expga1,100,1.0,0.75,20,38,0.456,7129,0.912,0.938,669,0.971,0.938,0.971,669.0,0.0,0.0,0.0,0.938,0.971,669,leukemia_base_0001,original
leukemia_base_0001_29,2024-03-23,multiexperiments,/root/ealab/expga1,100,1.0,0.75,20,38,0.456,7129,0.912,0.953,665,1.0,0.953,1.0,665.0,0.0,0.0,0.0,0.953,1.0,665,leukemia_base_0001,original
leukemia_base_0002_0,2024-03-23,multiexperiments_with_syn100VAE,/root/ealab/expga1,100,1.0,0.75,20,38,0.453,7129,0.906,0.952,685,1.0,0.952,1.0,685.0,0.0,0.0,0.0,0.952,1.0,685,leukemia_base_0002,aumentados
leukemia_base_0002_1,2024-03-23,multiexperiments_with_syn100VAE,/root/ealab/expga1,100,1.0,0.75,20,38,0.453,7129,0.906,0.944,681,0.984,0.944,0.984,681.0,0.0,0.0,0.0,0.944,0.984,681,leukemia_base_0002,aumentados
leukemia_base_0002_2,2024-03-23,multiexperiments_with_syn100VAE,/root/ealab/expga1,100,1.0,0.75,20,38,0.453,7129,0.906,0.952,683,1.0,0.952,1.0,683.0,0.0,0.0,0.0,0.952,1.0,683,leukemia_base_0002,aumentados
leukemia_base_0002_3,2024-03-23,multiexperiments_with_syn100VAE,/root/ealab/expga1,100,1.0,0.75,20,38,0.453,7129,0.906,0.954,660,1.0,0.954,1.0,660.0,0.0,0.0,0.0,0.954,1.0,660,leukemia_base_0002,aumentados
leukemia_base_0002_4,2024-03-24,multiexperiments_with_syn100VAE,/root/ealab/expga1,100,1.0,0.75,20,38,0.453,7129,0.906,0.953,669,1.0,0.953,1.0,669.0,0.0,0.0,0.0,0.953,1.0,669,leukemia_base_0002,aumentados
leukemia_base_0002_5,2024-03-24,multiexperiments_with_syn100VAE,/root/ealab/expga1,100,1.0,0.75,20,38,0.453,7129,0.906,0.955,637,1.0,0.955,1.0,637.0,0.0,0.0,0.0,0.955,1.0,637,leukemia_base_0002,aumentados
leukemia_base_0002_6,2024-03-24,multiexperiments_with_syn100VAE,/root/ealab/expga1,100,1.0,0.75,20,38,0.453,7129,0.906,0.953,671,1.0,0.953,1.0,671.0,0.0,0.0,0.0,0.953,1.0,671,leukemia_base_0002,aumentados
leukemia_base_0002_7,2024-03-24,multiexperiments_with_syn100VAE,/root/ealab/expga1,100,1.0,0.75,20,38,0.453,7129,0.906,0.952,682,1.0,0.952,1.0,682.0,0.0,0.0,0.0,0.952,1.0,682,leukemia_base_0002,aumentados
leukemia_base_0002_8,2024-03-24,multiexperiments_with_syn100VAE,/root/ealab/expga1,100,1.0,0.75,20,38,0.453,7129,0.906,0.951,694,1.0,0.951,1.0,694.0,0.0,0.0,0.0,0.951,1.0,694,leukemia_base_0002,aumentados
leukemia_base_0002_9,2024-03-24,multiexperiments_with_syn100VAE,/root/ealab/expga1,100,1.0,0.75,20,38,0.453,7129,0.906,0.955,636,1.0,0.955,0.999,636.0,0.003,0.006,0.316,0.955,1.0,638,leukemia_base_0002,aumentados
leukemia_base_0002_10,2024-03-24,multiexperiments_with_syn100VAE,/root/ealab/expga1,100,1.0,0.75,20,38,0.453,7129,0.906,0.954,657,1.0,0.954,1.0,657.0,0.0,0.0,0.0,0.954,1.0,657,leukemia_base_0002,aumentados
leukemia_base_0002_11,2024-03-24,multiexperiments_with_syn100VAE,/root/ealab/expga1,100,1.0,0.75,20,38,0.453,7129,0.906,0.95,707,1.0,0.95,1.0,707.0,0.0,0.0,0.0,0.95,1.0,707,leukemia_base_0002,aumentados
leukemia_base_0002_12,2024-03-24,multiexperiments_with_syn100VAE,/root/ealab/expga1,100,1.0,0.75,20,38,0.453,7129,0.906,0.951,693,1.0,0.951,1.0,693.0,0.0,0.0,0.0,0.951,1.0,693,leukemia_base_0002,aumentados
leukemia_base_0002_13,2024-03-24,multiexperiments_with_syn100VAE,/root/ealab/expga1,100,1.0,0.75,20,38,0.453,7129,0.906,0.951,696,1.0,0.951,1.0,696.0,0.0,0.0,0.0,0.951,1.0,696,leukemia_base_0002,aumentados
leukemia_base_0002_14,2024-03-24,multiexperiments_with_syn100VAE,/root/ealab/expga1,100,1.0,0.75,20,38,0.453,7129,0.906,0.951,700,1.0,0.951,1.0,700.0,0.0,0.0,0.0,0.951,1.0,700,leukemia_base_0002,aumentados
leukemia_base_0002_15,2024-03-24,multiexperiments_with_syn100VAE,/root/ealab/expga1,100,1.0,0.75,20,38,0.453,7129,0.906,0.954,654,1.0,0.954,1.0,654.0,0.0,0.0,0.0,0.954,1.0,654,leukemia_base_0002,aumentados
leukemia_base_0002_16,2024-03-24,multiexperiments_with_syn100VAE,/root/ealab/expga1,100,1.0,0.75,20,38,0.453,7129,0.906,0.954,650,1.0,0.954,1.0,650.0,0.0,0.0,0.0,0.954,1.0,650,leukemia_base_0002,aumentados
leukemia_base_0002_17,2024-03-24,multiexperiments_with_syn100VAE,/root/ealab/expga1,100,1.0,0.75,20,38,0.453,7129,0.906,0.952,689,1.0,0.952,1.0,689.0,0.0,0.0,0.0,0.952,1.0,689,leukemia_base_0002,aumentados
leukemia_base_0002_18,2024-03-24,multiexperiments_with_syn100VAE,/root/ealab/expga1,100,1.0,0.75,20,38,0.453,7129,0.906,0.949,730,1.0,0.949,1.0,730.0,0.0,0.0,0.0,0.949,1.0,730,leukemia_base_0002,aumentados
leukemia_base_0002_19,2024-03-24,multiexperiments_with_syn100VAE,/root/ealab/expga1,100,1.0,0.75,20,38,0.453,7129,0.906,0.952,683,1.0,0.952,1.0,683.0,0.0,0.0,0.0,0.952,1.0,683,leukemia_base_0002,aumentados
leukemia_base_0002_20,2024-03-24,multiexperiments_with_syn100VAE,/root/ealab/expga1,100,1.0,0.75,20,38,0.453,7129,0.906,0.955,647,1.0,0.955,1.0,647.0,0.0,0.0,0.0,0.955,1.0,647,leukemia_base_0002,aumentados
leukemia_base_0002_21,2024-03-24,multiexperiments_with_syn100VAE,/root/ealab/expga1,100,1.0,0.75,20,38,0.453,7129,0.906,0.937,679,0.969,0.937,0.969,679.0,0.0,0.0,0.0,0.937,0.969,679,leukemia_base_0002,aumentados
leukemia_base_0002_22,2024-03-24,multiexperiments_with_syn100VAE,/root/ealab/expga1,100,1.0,0.75,20,38,0.453,7129,0.906,0.953,676,1.0,0.953,1.0,676.0,0.0,0.0,0.0,0.953,1.0,676,leukemia_base_0002,aumentados
leukemia_base_0002_23,2024-03-24,multiexperiments_with_syn100VAE,/root/ealab/expga1,100,1.0,0.75,20,38,0.453,7129,0.906,0.949,726,1.0,0.949,1.0,726.0,0.0,0.0,0.0,0.949,1.0,726,leukemia_base_0002,aumentados
leukemia_base_0002_24,2024-03-24,multiexperiments_with_syn100VAE,/root/ealab/expga1,100,1.0,0.75,20,38,0.453,7129,0.906,0.952,683,1.0,0.952,1.0,683.0,0.0,0.0,0.0,0.952,1.0,683,leukemia_base_0002,aumentados
leukemia_base_0002_25,2024-03-24,multiexperiments_with_syn100VAE,/root/ealab/expga1,100,1.0,0.75,20,38,0.453,7129,0.906,0.95,716,1.0,0.95,1.0,716.0,0.0,0.0,0.0,0.95,1.0,716,leukemia_base_0002,aumentados
leukemia_base_0002_26,2024-03-24,multiexperiments_with_syn100VAE,/root/ealab/expga1,100,1.0,0.75,20,38,0.453,7129,0.906,0.95,711,1.0,0.95,1.0,711.0,0.0,0.0,0.0,0.95,1.0,711,leukemia_base_0002,aumentados
leukemia_base_0002_27,2024-03-24,multiexperiments_with_syn100VAE,/root/ealab/expga1,100,1.0,0.75,20,38,0.453,7129,0.906,0.95,713,1.0,0.95,1.0,713.0,0.0,0.0,0.0,0.95,1.0,713,leukemia_base_0002,aumentados
leukemia_base_0002_28,2024-03-24,multiexperiments_with_syn100VAE,/root/ealab/expga1,100,1.0,0.75,20,38,0.453,7129,0.906,0.952,688,1.0,0.952,1.0,688.0,0.0,0.0,0.0,0.952,1.0,688,leukemia_base_0002,aumentados
leukemia_base_0002_29,2024-03-24,multiexperiments_with_syn100VAE,/root/ealab/expga1,100,1.0,0.75,20,38,0.453,7129,0.906,0.95,707,1.0,0.95,1.0,707.0,0.0,0.0,0.0,0.95,1.0,707,leukemia_base_0002,aumentados
leukemia_base_0009_0,2024-05-09,multiexperiments_with_syn100VAE_equal_objectives_small_gene,/root/ealab/expga1,100,1.0,0.75,20,108,0.477,7129,0.953,0.996,64,1.0,0.996,1.0,64.0,0.0,0.0,0.0,0.996,1.0,64,leukemia_base_0009,aumentados
leukemia_base_0009_1,2024-05-09,multiexperiments_with_syn100VAE_equal_objectives_small_gene,/root/ealab/expga1,100,1.0,0.75,20,108,0.477,7129,0.953,0.996,62,1.0,0.996,1.0,62.0,0.0,0.0,0.0,0.996,1.0,62,leukemia_base_0009,aumentados
leukemia_base_0009_2,2024-05-09,multiexperiments_with_syn100VAE_equal_objectives_small_gene,/root/ealab/expga1,100,1.0,0.75,20,108,0.477,7129,0.953,0.997,49,1.0,0.997,1.0,49.0,0.0,0.0,0.0,0.997,1.0,49,leukemia_base_0009,aumentados
leukemia_base_0009_3,2024-05-09,multiexperiments_with_syn100VAE_equal_objectives_small_gene,/root/ealab/expga1,100,1.0,0.75,20,108,0.477,7129,0.953,0.995,67,1.0,0.995,1.0,67.0,0.0,0.0,0.0,0.995,1.0,67,leukemia_base_0009,aumentados
leukemia_base_0009_4,2024-05-09,multiexperiments_with_syn100VAE_equal_objectives_small_gene,/root/ealab/expga1,100,1.0,0.75,20,108,0.477,7129,0.953,0.987,71,0.984,0.987,0.984,71.0,0.0,0.0,0.0,0.987,0.984,71,leukemia_base_0009,aumentados
leukemia_base_0009_5,2024-05-09,multiexperiments_with_syn100VAE_equal_objectives_small_gene,/root/ealab/expga1,100,1.0,0.75,20,108,0.477,7129,0.953,0.995,66,1.0,0.985,0.98,68.01,0.008,0.017,2.476,0.995,1.0,72,leukemia_base_0009,aumentados
leukemia_base_0009_6,2024-05-09,multiexperiments_with_syn100VAE_equal_objectives_small_gene,/root/ealab/expga1,100,1.0,0.75,20,108,0.477,7129,0.953,0.988,60,0.984,0.988,0.984,60.0,0.0,0.0,0.0,0.988,0.984,60,leukemia_base_0009,aumentados
leukemia_base_0009_7,2024-05-09,multiexperiments_with_syn100VAE_equal_objectives_small_gene,/root/ealab/expga1,100,1.0,0.75,20,108,0.477,7129,0.953,0.988,58,0.984,0.988,0.984,58.0,0.0,0.0,0.0,0.988,0.984,58,leukemia_base_0009,aumentados
leukemia_base_0009_8,2024-05-09,multiexperiments_with_syn100VAE_equal_objectives_small_gene,/root/ealab/expga1,100,1.0,0.75,20,108,0.477,7129,0.953,0.989,52,0.984,0.989,0.984,52.0,0.0,0.0,0.0,0.989,0.984,52,leukemia_base_0009,aumentados
leukemia_base_0009_9,2024-05-09,multiexperiments_with_syn100VAE_equal_objectives_small_gene,/root/ealab/expga1,100,1.0,0.75,20,108,0.477,7129,0.953,0.988,53,0.984,0.988,0.984,53.0,0.0,0.0,0.0,0.988,0.984,53,leukemia_base_0009,aumentados
leukemia_base_0009_10,2024-05-09,multiexperiments_with_syn100VAE_equal_objectives_small_gene,/root/ealab/expga1,100,1.0,0.75,20,108,0.477,7129,0.953,0.996,62,1.0,0.996,1.0,62.0,0.0,0.0,0.0,0.996,1.0,62,leukemia_base_0009,aumentados
leukemia_base_0009_11,2024-05-09,multiexperiments_with_syn100VAE_equal_objectives_small_gene,/root/ealab/expga1,100,1.0,0.75,20,108,0.477,7129,0.953,0.98,60,0.969,0.98,0.969,60.0,0.0,0.0,0.0,0.98,0.969,60,leukemia_base_0009,aumentados
leukemia_base_0009_12,2024-05-09,multiexperiments_with_syn100VAE_equal_objectives_small_gene,/root/ealab/expga1,100,1.0,0.75,20,108,0.477,7129,0.953,0.996,61,1.0,0.996,1.0,61.0,0.0,0.0,0.0,0.996,1.0,61,leukemia_base_0009,aumentados
leukemia_base_0009_13,2024-05-09,multiexperiments_with_syn100VAE_equal_objectives_small_gene,/root/ealab/expga1,100,1.0,0.75,20,108,0.477,7129,0.953,0.996,58,1.0,0.996,1.0,58.0,0.0,0.0,0.0,0.996,1.0,58,leukemia_base_0009,aumentados
leukemia_base_0009_14,2024-05-09,multiexperiments_with_syn100VAE_equal_objectives_small_gene,/root/ealab/expga1,100,1.0,0.75,20,108,0.477,7129,0.953,0.996,57,1.0,0.996,1.0,57.0,0.0,0.0,0.0,0.996,1.0,57,leukemia_base_0009,aumentados
leukemia_base_0009_15,2024-05-09,multiexperiments_with_syn100VAE_equal_objectives_small_gene,/root/ealab/expga1,100,1.0,0.75,20,108,0.477,7129,0.953,0.986,82,0.984,0.986,0.984,82.0,0.0,0.0,0.0,0.986,0.984,82,leukemia_base_0009,aumentados
leukemia_base_0009_16,2024-05-09,multiexperiments_with_syn100VAE_equal_objectives_small_gene,/root/ealab/expga1,100,1.0,0.75,20,108,0.477,7129,0.953,0.988,64,0.984,0.988,0.984,64.0,0.0,0.0,0.0,0.988,0.984,64,leukemia_base_0009,aumentados
leukemia_base_0009_17,2024-05-09,multiexperiments_with_syn100VAE_equal_objectives_small_gene,/root/ealab/expga1,100,1.0,0.75,20,108,0.477,7129,0.953,0.988,66,0.984,0.988,0.984,66.0,0.0,0.0,0.0,0.988,0.984,66,leukemia_base_0009,aumentados
leukemia_base_0009_18,2024-05-09,multiexperiments_with_syn100VAE_equal_objectives_small_gene,/root/ealab/expga1,100,1.0,0.75,20,108,0.477,7129,0.953,0.987,70,0.984,0.987,0.984,70.0,0.0,0.0,0.0,0.987,0.984,70,leukemia_base_0009,aumentados
leukemia_base_0009_19,2024-05-09,multiexperiments_with_syn100VAE_equal_objectives_small_gene,/root/ealab/expga1,100,1.0,0.75,20,108,0.477,7129,0.953,0.995,68,1.0,0.995,1.0,68.0,0.0,0.0,0.0,0.995,1.0,68,leukemia_base_0009,aumentados
leukemia_base_0009_20,2024-05-09,multiexperiments_with_syn100VAE_equal_objectives_small_gene,/root/ealab/expga1,100,1.0,0.75,20,108,0.477,7129,0.953,0.995,65,1.0,0.995,0.999,65.0,0.004,0.008,0.141,0.995,1.0,66,leukemia_base_0009,aumentados
leukemia_base_0009_21,2024-05-09,multiexperiments_with_syn100VAE_equal_objectives_small_gene,/root/ealab/expga1,100,1.0,0.75,20,108,0.477,7129,0.953,0.995,73,1.0,0.995,1.0,73.0,0.0,0.0,0.0,0.995,1.0,73,leukemia_base_0009,aumentados
leukemia_base_0009_22,2024-05-09,multiexperiments_with_syn100VAE_equal_objectives_small_gene,/root/ealab/expga1,100,1.0,0.75,20,108,0.477,7129,0.953,0.988,64,0.984,0.988,0.984,64.0,0.0,0.0,0.0,0.988,0.984,64,leukemia_base_0009,aumentados
leukemia_base_0009_23,2024-05-09,multiexperiments_with_syn100VAE_equal_objectives_small_gene,/root/ealab/expga1,100,1.0,0.75,20,108,0.477,7129,0.953,0.98,57,0.969,0.98,0.969,57.0,0.0,0.0,0.0,0.98,0.969,57,leukemia_base_0009,aumentados
leukemia_base_0009_24,2024-05-09,multiexperiments_with_syn100VAE_equal_objectives_small_gene,/root/ealab/expga1,100,1.0,0.75,20,108,0.477,7129,0.953,0.989,50,0.984,0.989,0.984,50.0,0.0,0.0,0.0,0.989,0.984,50,leukemia_base_0009,aumentados
leukemia_base_0009_25,2024-05-09,multiexperiments_with_syn100VAE_equal_objectives_small_gene,/root/ealab/expga1,100,1.0,0.75,20,108,0.477,7129,0.953,0.996,53,1.0,0.996,1.0,53.0,0.0,0.0,0.0,0.996,1.0,53,leukemia_base_0009,aumentados
leukemia_base_0009_26,2024-05-09,multiexperiments_with_syn100VAE_equal_objectives_small_gene,/root/ealab/expga1,100,1.0,0.75,20,108,0.477,7129,0.953,0.996,57,1.0,0.996,1.0,57.0,0.0,0.0,0.0,0.996,1.0,57,leukemia_base_0009,aumentados
leukemia_base_0009_27,2024-05-09,multiexperiments_with_syn100VAE_equal_objectives_small_gene,/root/ealab/expga1,100,1.0,0.75,20,108,0.477,7129,0.953,0.979,70,0.969,0.979,0.969,70.0,0.0,0.0,0.0,0.979,0.969,70,leukemia_base_0009,aumentados
leukemia_base_0009_28,2024-05-09,multiexperiments_with_syn100VAE_equal_objectives_small_gene,/root/ealab/expga1,100,1.0,0.75,20,108,0.477,7129,0.953,0.988,65,0.984,0.988,0.984,65.0,0.0,0.0,0.0,0.988,0.984,65,leukemia_base_0009,aumentados
leukemia_base_0009_29,2024-05-09,multiexperiments_with_syn100VAE_equal_objectives_small_gene,/root/ealab/expga1,100,1.0,0.75,20,108,0.477,7129,0.953,0.995,76,1.0,0.995,1.0,76.0,0.0,0.0,0.0,0.995,1.0,76,leukemia_base_0009,aumentados
leukemia_base_0011_0,2024-05-11,multiexperiments_with_syn100VAE_equal_objectives_tinygene,/home/sebacastillo/ealab/expga1,100,1.0,0.75,20,108,0.469,7129,0.938,0.982,36,0.969,0.982,0.969,36.0,0.0,0.0,0.0,0.982,0.969,36,leukemia_base_0011,aumentados
leukemia_base_0011_1,2024-05-11,multiexperiments_with_syn100VAE_equal_objectives_tinygene,/home/sebacastillo/ealab/expga1,100,1.0,0.75,20,108,0.469,7129,0.938,0.989,42,0.984,0.989,0.984,42.0,0.0,0.0,0.0,0.989,0.984,42,leukemia_base_0011,aumentados
leukemia_base_0011_2,2024-05-11,multiexperiments_with_syn100VAE_equal_objectives_tinygene,/home/sebacastillo/ealab/expga1,100,1.0,0.75,20,108,0.469,7129,0.938,0.991,22,0.984,0.991,0.984,22.0,0.0,0.0,0.0,0.991,0.984,22,leukemia_base_0011,aumentados
leukemia_base_0011_3,2024-05-11,multiexperiments_with_syn100VAE_equal_objectives_tinygene,/home/sebacastillo/ealab/expga1,100,1.0,0.75,20,108,0.469,7129,0.938,0.998,30,1.0,0.998,1.0,30.0,0.0,0.0,0.0,0.998,1.0,30,leukemia_base_0011,aumentados
leukemia_base_0011_4,2024-05-11,multiexperiments_with_syn100VAE_equal_objectives_tinygene,/home/sebacastillo/ealab/expga1,100,1.0,0.75,20,108,0.469,7129,0.938,0.99,31,0.984,0.99,0.984,31.0,0.0,0.0,0.0,0.99,0.984,31,leukemia_base_0011,aumentados
leukemia_base_0011_5,2024-05-11,multiexperiments_with_syn100VAE_equal_objectives_tinygene,/home/sebacastillo/ealab/expga1,100,1.0,0.75,20,108,0.469,7129,0.938,0.998,34,1.0,0.998,1.0,34.0,0.0,0.0,0.0,0.998,1.0,34,leukemia_base_0011,aumentados
leukemia_base_0011_6,2024-05-11,multiexperiments_with_syn100VAE_equal_objectives_tinygene,/home/sebacastillo/ealab/expga1,100,1.0,0.75,20,108,0.469,7129,0.938,0.998,22,1.0,0.998,1.0,22.0,0.0,0.0,0.0,0.998,1.0,22,leukemia_base_0011,aumentados
leukemia_base_0011_7,2024-05-11,multiexperiments_with_syn100VAE_equal_objectives_tinygene,/home/sebacastillo/ealab/expga1,100,1.0,0.75,20,108,0.469,7129,0.938,0.99,26,0.984,0.99,0.984,26.0,0.0,0.0,0.0,0.99,0.984,26,leukemia_base_0011,aumentados
leukemia_base_0011_8,2024-05-11,multiexperiments_with_syn100VAE_equal_objectives_tinygene,/home/sebacastillo/ealab/expga1,100,1.0,0.75,20,108,0.469,7129,0.938,0.989,46,0.984,0.989,0.984,46.0,0.0,0.0,0.0,0.989,0.984,46,leukemia_base_0011,aumentados
leukemia_base_0011_9,2024-05-11,multiexperiments_with_syn100VAE_equal_objectives_tinygene,/home/sebacastillo/ealab/expga1,100,1.0,0.75,20,108,0.469,7129,0.938,0.982,29,0.969,0.982,0.969,29.0,0.0,0.0,0.0,0.982,0.969,29,leukemia_base_0011,aumentados
leukemia_base_0011_10,2024-05-11,multiexperiments_with_syn100VAE_equal_objectives_tinygene,/home/sebacastillo/ealab/expga1,100,1.0,0.75,20,108,0.469,7129,0.938,0.998,34,1.0,0.998,1.0,34.0,0.0,0.0,0.0,0.998,1.0,34,leukemia_base_0011,aumentados
leukemia_base_0011_11,2024-05-11,multiexperiments_with_syn100VAE_equal_objectives_tinygene,/home/sebacastillo/ealab/expga1,100,1.0,0.75,20,108,0.469,7129,0.938,0.998,35,1.0,0.998,1.0,35.0,0.0,0.0,0.0,0.998,1.0,35,leukemia_base_0011,aumentados
leukemia_base_0011_12,2024-05-11,multiexperiments_with_syn100VAE_equal_objectives_tinygene,/home/sebacastillo/ealab/expga1,100,1.0,0.75,20,108,0.469,7129,0.938,0.997,38,1.0,0.997,1.0,38.0,0.0,0.0,0.0,0.997,1.0,38,leukemia_base_0011,aumentados
leukemia_base_0011_13,2024-05-11,multiexperiments_with_syn100VAE_equal_objectives_tinygene,/home/sebacastillo/ealab/expga1,100,1.0,0.75,20,108,0.469,7129,0.938,0.981,42,0.969,0.981,0.969,42.0,0.0,0.0,0.0,0.981,0.969,42,leukemia_base_0011,aumentados
leukemia_base_0011_14,2024-05-11,multiexperiments_with_syn100VAE_equal_objectives_tinygene,/home/sebacastillo/ealab/expga1,100,1.0,0.75,20,108,0.469,7129,0.938,0.991,23,0.984,0.991,0.984,23.0,0.0,0.0,0.0,0.991,0.984,23,leukemia_base_0011,aumentados
leukemia_base_0011_15,2024-05-11,multiexperiments_with_syn100VAE_equal_objectives_tinygene,/home/sebacastillo/ealab/expga1,100,1.0,0.75,20,108,0.469,7129,0.938,0.99,29,0.984,0.99,0.984,29.0,0.0,0.0,0.0,0.99,0.984,29,leukemia_base_0011,aumentados
leukemia_base_0011_16,2024-05-11,multiexperiments_with_syn100VAE_equal_objectives_tinygene,/home/sebacastillo/ealab/expga1,100,1.0,0.75,20,108,0.469,7129,0.938,0.998,26,1.0,0.998,1.0,26.0,0.0,0.0,0.0,0.998,1.0,26,leukemia_base_0011,aumentados
leukemia_base_0011_17,2024-05-11,multiexperiments_with_syn100VAE_equal_objectives_tinygene,/home/sebacastillo/ealab/expga1,100,1.0,0.75,20,108,0.469,7129,0.938,0.99,31,0.984,0.99,0.984,31.0,0.0,0.0,0.0,0.99,0.984,31,leukemia_base_0011,aumentados
leukemia_base_0011_18,2024-05-11,multiexperiments_with_syn100VAE_equal_objectives_tinygene,/home/sebacastillo/ealab/expga1,100,1.0,0.75,20,108,0.469,7129,0.938,0.991,23,0.984,0.991,0.984,23.0,0.0,0.0,0.0,0.991,0.984,23,leukemia_base_0011,aumentados
leukemia_base_0011_19,2024-05-11,multiexperiments_with_syn100VAE_equal_objectives_tinygene,/home/sebacastillo/ealab/expga1,100,1.0,0.75,20,108,0.469,7129,0.938,0.991,24,0.984,0.991,0.984,24.0,0.0,0.0,0.0,0.991,0.984,24,leukemia_base_0011,aumentados
leukemia_base_0011_20,2024-05-11,multiexperiments_with_syn100VAE_equal_objectives_tinygene,/home/sebacastillo/ealab/expga1,100,1.0,0.75,20,108,0.469,7129,0.938,0.997,41,1.0,0.997,1.0,41.0,0.0,0.0,0.0,0.997,1.0,41,leukemia_base_0011,aumentados
leukemia_base_0011_21,2024-05-11,multiexperiments_with_syn100VAE_equal_objectives_tinygene,/home/sebacastillo/ealab/expga1,100,1.0,0.75,20,108,0.469,7129,0.938,0.998,23,1.0,0.995,0.993,23.0,0.004,0.008,0.0,0.998,1.0,23,leukemia_base_0011,aumentados
leukemia_base_0011_22,2024-05-11,multiexperiments_with_syn100VAE_equal_objectives_tinygene,/home/sebacastillo/ealab/expga1,100,1.0,0.75,20,108,0.469,7129,0.938,0.982,38,0.969,0.982,0.969,38.0,0.0,0.0,0.0,0.982,0.969,38,leukemia_base_0011,aumentados
leukemia_base_0011_23,2024-05-11,multiexperiments_with_syn100VAE_equal_objectives_tinygene,/home/sebacastillo/ealab/expga1,100,1.0,0.75,20,108,0.469,7129,0.938,0.991,24,0.984,0.991,0.984,24.0,0.0,0.0,0.0,0.991,0.984,24,leukemia_base_0011,aumentados
leukemia_base_0011_24,2024-05-11,multiexperiments_with_syn100VAE_equal_objectives_tinygene,/home/sebacastillo/ealab/expga1,100,1.0,0.75,20,108,0.469,7129,0.938,0.982,38,0.969,0.982,0.969,38.0,0.0,0.0,0.0,0.982,0.969,38,leukemia_base_0011,aumentados
leukemia_base_0011_25,2024-05-11,multiexperiments_with_syn100VAE_equal_objectives_tinygene,/home/sebacastillo/ealab/expga1,100,1.0,0.75,20,108,0.469,7129,0.938,0.998,33,1.0,0.998,1.0,33.0,0.0,0.0,0.0,0.998,1.0,33,leukemia_base_0011,aumentados
leukemia_base_0011_26,2024-05-11,multiexperiments_with_syn100VAE_equal_objectives_tinygene,/home/sebacastillo/ealab/expga1,100,1.0,0.75,20,108,0.469,7129,0.938,0.998,32,1.0,0.998,1.0,32.0,0.0,0.0,0.0,0.998,1.0,32,leukemia_base_0011,aumentados
leukemia_base_0011_27,2024-05-11,multiexperiments_with_syn100VAE_equal_objectives_tinygene,/home/sebacastillo/ealab/expga1,100,1.0,0.75,20,108,0.469,7129,0.938,0.998,26,1.0,0.998,1.0,26.0,0.0,0.0,0.0,0.998,1.0,26,leukemia_base_0011,aumentados
leukemia_base_0011_28,2024-05-11,multiexperiments_with_syn100VAE_equal_objectives_tinygene,/home/sebacastillo/ealab/expga1,100,1.0,0.75,20,108,0.469,7129,0.938,0.998,30,1.0,0.998,1.0,30.0,0.0,0.0,0.0,0.998,1.0,30,leukemia_base_0011,aumentados
leukemia_base_0011_29,2024-05-11,multiexperiments_with_syn100VAE_equal_objectives_tinygene,/home/sebacastillo/ealab/expga1,100,1.0,0.75,20,108,0.469,7129,0.938,0.998,32,1.0,0.998,1.0,32.0,0.0,0.0,0.0,0.998,1.0,32,leukemia_base_0011,aumentados
leukemia_base_0013_0,2024-05-12,multiexperiments_tiny_gene,/root/ealab/expga1,100,1.0,0.75,20,38,0.456,7129,0.912,0.983,34,0.971,0.983,0.971,34.0,0.0,0.0,0.0,0.983,0.971,34,leukemia_base_0013,original
leukemia_base_0013_1,2024-05-12,multiexperiments_tiny_gene,/root/ealab/expga1,100,1.0,0.75,20,38,0.456,7129,0.912,0.999,17,1.0,0.999,1.0,17.0,0.0,0.0,0.0,0.999,1.0,17,leukemia_base_0013,original
leukemia_base_0013_2,2024-05-12,multiexperiments_tiny_gene,/root/ealab/expga1,100,1.0,0.75,20,38,0.456,7129,0.912,0.984,19,0.971,0.984,0.971,19.0,0.0,0.0,0.0,0.984,0.971,19,leukemia_base_0013,original
leukemia_base_0013_3,2024-05-12,multiexperiments_tiny_gene,/root/ealab/expga1,100,1.0,0.75,20,38,0.456,7129,0.912,0.983,30,0.971,0.983,0.971,30.0,0.0,0.0,0.0,0.983,0.971,30,leukemia_base_0013,original
leukemia_base_0013_4,2024-05-12,multiexperiments_tiny_gene,/root/ealab/expga1,100,1.0,0.75,20,38,0.456,7129,0.912,0.968,35,0.941,0.968,0.941,35.0,0.0,0.0,0.0,0.968,0.941,35,leukemia_base_0013,original
leukemia_base_0013_5,2024-05-12,multiexperiments_tiny_gene,/root/ealab/expga1,100,1.0,0.75,20,38,0.456,7129,0.912,0.983,28,0.971,0.983,0.971,28.0,0.0,0.0,0.0,0.983,0.971,28,leukemia_base_0013,original
leukemia_base_0013_6,2024-05-12,multiexperiments_tiny_gene,/root/ealab/expga1,100,1.0,0.75,20,38,0.456,7129,0.912,0.998,26,1.0,0.998,1.0,26.0,0.0,0.0,0.0,0.998,1.0,26,leukemia_base_0013,original
leukemia_base_0013_7,2024-05-12,multiexperiments_tiny_gene,/root/ealab/expga1,100,1.0,0.75,20,38,0.456,7129,0.912,0.998,34,1.0,0.998,1.0,34.0,0.0,0.0,0.0,0.998,1.0,34,leukemia_base_0013,original
leukemia_base_0013_8,2024-05-12,multiexperiments_tiny_gene,/root/ealab/expga1,100,1.0,0.75,20,38,0.456,7129,0.912,0.969,26,0.941,0.969,0.941,26.0,0.0,0.0,0.0,0.969,0.941,26,leukemia_base_0013,original
leukemia_base_0013_9,2024-05-12,multiexperiments_tiny_gene,/root/ealab/expga1,100,1.0,0.75,20,38,0.456,7129,0.912,0.983,37,0.971,0.983,0.971,37.0,0.0,0.0,0.0,0.983,0.971,37,leukemia_base_0013,original
leukemia_base_0013_10,2024-05-12,multiexperiments_tiny_gene,/root/ealab/expga1,100,1.0,0.75,20,38,0.456,7129,0.912,0.983,29,0.971,0.983,0.971,29.0,0.0,0.0,0.0,0.983,0.971,29,leukemia_base_0013,original
leukemia_base_0013_11,2024-05-12,multiexperiments_tiny_gene,/root/ealab/expga1,100,1.0,0.75,20,38,0.456,7129,0.912,0.984,21,0.971,0.984,0.971,21.0,0.0,0.0,0.0,0.984,0.971,21,leukemia_base_0013,original
leukemia_base_0013_12,2024-05-12,multiexperiments_tiny_gene,/root/ealab/expga1,100,1.0,0.75,20,38,0.456,7129,0.912,0.983,29,0.971,0.983,0.971,29.0,0.0,0.0,0.0,0.983,0.971,29,leukemia_base_0013,original
leukemia_base_0013_13,2024-05-12,multiexperiments_tiny_gene,/root/ealab/expga1,100,1.0,0.75,20,38,0.456,7129,0.912,0.983,33,0.971,0.979,0.964,33.0,0.01,0.019,0.346,0.983,0.971,34,leukemia_base_0013,original
leukemia_base_0013_14,2024-05-12,multiexperiments_tiny_gene,/root/ealab/expga1,100,1.0,0.75,20,38,0.456,7129,0.912,0.998,32,1.0,0.998,1.0,32.0,0.0,0.0,0.0,0.998,1.0,32,leukemia_base_0013,original
leukemia_base_0013_15,2024-05-12,multiexperiments_tiny_gene,/root/ealab/expga1,100,1.0,0.75,20,38,0.456,7129,0.912,0.983,39,0.971,0.983,0.971,39.0,0.0,0.0,0.0,0.983,0.971,39,leukemia_base_0013,original
leukemia_base_0013_16,2024-05-12,multiexperiments_tiny_gene,/root/ealab/expga1,100,1.0,0.75,20,38,0.456,7129,0.912,0.998,28,1.0,0.998,1.0,28.0,0.0,0.0,0.0,0.998,1.0,28,leukemia_base_0013,original
leukemia_base_0013_17,2024-05-12,multiexperiments_tiny_gene,/root/ealab/expga1,100,1.0,0.75,20,38,0.456,7129,0.912,0.998,24,1.0,0.998,1.0,24.0,0.0,0.0,0.0,0.998,1.0,24,leukemia_base_0013,original
leukemia_base_0013_18,2024-05-12,multiexperiments_tiny_gene,/root/ealab/expga1,100,1.0,0.75,20,38,0.456,7129,0.912,0.998,26,1.0,0.998,1.0,26.0,0.0,0.0,0.0,0.998,1.0,26,leukemia_base_0013,original
leukemia_base_0013_19,2024-05-12,multiexperiments_tiny_gene,/root/ealab/expga1,100,1.0,0.75,20,38,0.456,7129,0.912,0.998,34,1.0,0.995,0.995,34.0,0.012,0.023,0.283,0.998,1.0,35,leukemia_base_0013,original
leukemia_base_0013_20,2024-05-12,multiexperiments_tiny_gene,/root/ealab/expga1,100,1.0,0.75,20,38,0.456,7129,0.912,0.997,38,1.0,0.997,1.0,38.0,0.0,0.0,0.0,0.997,1.0,38,leukemia_base_0013,original
leukemia_base_0013_21,2024-05-12,multiexperiments_tiny_gene,/root/ealab/expga1,100,1.0,0.75,20,38,0.456,7129,0.912,0.998,23,1.0,0.998,0.999,23.0,0.002,0.004,0.141,0.998,1.0,24,leukemia_base_0013,original
leukemia_base_0013_22,2024-05-12,multiexperiments_tiny_gene,/root/ealab/expga1,100,1.0,0.75,20,38,0.456,7129,0.912,0.998,30,1.0,0.998,1.0,30.0,0.0,0.0,0.0,0.998,1.0,30,leukemia_base_0013,original
leukemia_base_0013_23,2024-05-12,multiexperiments_tiny_gene,/root/ealab/expga1,100,1.0,0.75,20,38,0.456,7129,0.912,0.982,40,0.971,0.982,0.971,40.0,0.0,0.0,0.0,0.982,0.971,40,leukemia_base_0013,original
leukemia_base_0013_24,2024-05-12,multiexperiments_tiny_gene,/root/ealab/expga1,100,1.0,0.75,20,38,0.456,7129,0.912,0.983,27,0.971,0.983,0.969,27.0,0.003,0.006,0.2,0.983,0.971,28,leukemia_base_0013,original
leukemia_base_0013_25,2024-05-12,multiexperiments_tiny_gene,/root/ealab/expga1,100,1.0,0.75,20,38,0.456,7129,0.912,0.998,27,1.0,0.998,1.0,27.0,0.0,0.0,0.0,0.998,1.0,27,leukemia_base_0013,original
leukemia_base_0013_26,2024-05-12,multiexperiments_tiny_gene,/root/ealab/expga1,100,1.0,0.75,20,38,0.456,7129,0.912,0.997,38,1.0,0.997,1.0,38.0,0.0,0.0,0.0,0.997,1.0,38,leukemia_base_0013,original
leukemia_base_0013_27,2024-05-12,multiexperiments_tiny_gene,/root/ealab/expga1,100,1.0,0.75,20,38,0.456,7129,0.912,0.998,30,1.0,0.998,1.0,30.0,0.0,0.0,0.0,0.998,1.0,30,leukemia_base_0013,original
leukemia_base_0013_28,2024-05-12,multiexperiments_tiny_gene,/root/ealab/expga1,100,1.0,0.75,20,38,0.456,7129,0.912,0.983,26,0.971,0.983,0.971,26.0,0.0,0.0,0.0,0.983,0.971,26,leukemia_base_0013,original
leukemia_base_0013_29,2024-05-12,multiexperiments_tiny_gene,/root/ealab/expga1,100,1.0,0.75,20,38,0.456,7129,0.912,0.984,24,0.971,0.984,0.971,24.0,0.0,0.0,0.0,0.984,0.971,24,leukemia_base_0013,original
leukemia_base_0012_0,2024-05-12,multiexperiments_small_gene,/root/ealab/expga1,100,1.0,0.75,20,38,0.456,7129,0.912,0.981,57,0.971,0.981,0.971,57.0,0.0,0.0,0.0,0.981,0.971,57,leukemia_base_0012,original
leukemia_base_0012_1,2024-05-12,multiexperiments_small_gene,/root/ealab/expga1,100,1.0,0.75,20,38,0.456,7129,0.912,0.98,74,0.971,0.98,0.971,74.0,0.0,0.0,0.0,0.98,0.971,74,leukemia_base_0012,original
leukemia_base_0012_2,2024-05-12,multiexperiments_small_gene,/root/ealab/expga1,100,1.0,0.75,20,38,0.456,7129,0.912,0.996,64,1.0,0.996,1.0,64.0,0.0,0.0,0.0,0.996,1.0,64,leukemia_base_0012,original
leukemia_base_0012_3,2024-05-12,multiexperiments_small_gene,/root/ealab/expga1,100,1.0,0.75,20,38,0.456,7129,0.912,0.996,61,1.0,0.996,1.0,61.0,0.0,0.0,0.0,0.996,1.0,61,leukemia_base_0012,original
leukemia_base_0012_4,2024-05-12,multiexperiments_small_gene,/root/ealab/expga1,100,1.0,0.75,20,38,0.456,7129,0.912,0.996,56,1.0,0.996,1.0,56.0,0.0,0.0,0.0,0.996,1.0,56,leukemia_base_0012,original
leukemia_base_0012_5,2024-05-12,multiexperiments_small_gene,/root/ealab/expga1,100,1.0,0.75,20,38,0.456,7129,0.912,0.996,64,1.0,0.996,1.0,64.0,0.0,0.0,0.0,0.996,1.0,64,leukemia_base_0012,original
leukemia_base_0012_6,2024-05-12,multiexperiments_small_gene,/root/ealab/expga1,100,1.0,0.75,20,38,0.456,7129,0.912,0.98,82,0.971,0.98,0.971,82.0,0.0,0.0,0.0,0.98,0.971,82,leukemia_base_0012,original
leukemia_base_0012_7,2024-05-12,multiexperiments_small_gene,/root/ealab/expga1,100,1.0,0.75,20,38,0.456,7129,0.912,0.994,82,1.0,0.994,1.0,82.0,0.0,0.0,0.0,0.994,1.0,82,leukemia_base_0012,original
leukemia_base_0012_8,2024-05-12,multiexperiments_small_gene,/root/ealab/expga1,100,1.0,0.75,20,38,0.456,7129,0.912,0.996,64,1.0,0.996,1.0,64.0,0.0,0.0,0.0,0.996,1.0,64,leukemia_base_0012,original
leukemia_base_0012_9,2024-05-12,multiexperiments_small_gene,/root/ealab/expga1,100,1.0,0.75,20,38,0.456,7129,0.912,0.995,67,1.0,0.995,1.0,67.0,0.0,0.0,0.0,0.995,1.0,67,leukemia_base_0012,original
leukemia_base_0012_10,2024-05-12,multiexperiments_small_gene,/root/ealab/expga1,100,1.0,0.75,20,38,0.456,7129,0.912,0.98,70,0.971,0.98,0.971,70.0,0.0,0.0,0.0,0.98,0.971,70,leukemia_base_0012,original
leukemia_base_0012_11,2024-05-12,multiexperiments_small_gene,/root/ealab/expga1,100,1.0,0.75,20,38,0.456,7129,0.912,0.995,76,1.0,0.995,1.0,76.0,0.0,0.0,0.0,0.995,1.0,76,leukemia_base_0012,original
leukemia_base_0012_12,2024-05-12,multiexperiments_small_gene,/root/ealab/expga1,100,1.0,0.75,20,38,0.456,7129,0.912,0.994,80,1.0,0.994,1.0,80.0,0.0,0.0,0.0,0.994,1.0,80,leukemia_base_0012,original
leukemia_base_0012_13,2024-05-12,multiexperiments_small_gene,/root/ealab/expga1,100,1.0,0.75,20,38,0.456,7129,0.912,0.995,74,1.0,0.995,1.0,74.0,0.0,0.0,0.0,0.995,1.0,74,leukemia_base_0012,original
leukemia_base_0012_14,2024-05-12,multiexperiments_small_gene,/root/ealab/expga1,100,1.0,0.75,20,38,0.456,7129,0.912,0.981,58,0.971,0.981,0.971,58.0,0.0,0.0,0.0,0.981,0.971,58,leukemia_base_0012,original
leukemia_base_0012_15,2024-05-12,multiexperiments_small_gene,/root/ealab/expga1,100,1.0,0.75,20,38,0.456,7129,0.912,0.981,58,0.971,0.981,0.971,58.0,0.0,0.0,0.0,0.981,0.971,58,leukemia_base_0012,original
leukemia_base_0012_16,2024-05-12,multiexperiments_small_gene,/root/ealab/expga1,100,1.0,0.75,20,38,0.456,7129,0.912,0.996,56,1.0,0.996,1.0,56.2,0.0,0.0,0.6,0.996,1.0,58,leukemia_base_0012,original
leukemia_base_0012_17,2024-05-12,multiexperiments_small_gene,/root/ealab/expga1,100,1.0,0.75,20,38,0.456,7129,0.912,0.996,63,1.0,0.996,1.0,63.0,0.0,0.0,0.0,0.996,1.0,63,leukemia_base_0012,original
leukemia_base_0012_18,2024-05-12,multiexperiments_small_gene,/root/ealab/expga1,100,1.0,0.75,20,38,0.456,7129,0.912,0.996,64,1.0,0.988,0.985,67.59,0.019,0.039,2.623,0.996,1.0,79,leukemia_base_0012,original
leukemia_base_0012_19,2024-05-12,multiexperiments_small_gene,/root/ealab/expga1,100,1.0,0.75,20,38,0.456,7129,0.912,0.995,67,1.0,0.995,1.0,67.0,0.0,0.0,0.0,0.995,1.0,67,leukemia_base_0012,original
leukemia_base_0012_20,2024-05-12,multiexperiments_small_gene,/root/ealab/expga1,100,1.0,0.75,20,38,0.456,7129,0.912,0.996,61,1.0,0.996,1.0,61.0,0.0,0.0,0.0,0.996,1.0,61,leukemia_base_0012,original
leukemia_base_0012_21,2024-05-12,multiexperiments_small_gene,/root/ealab/expga1,100,1.0,0.75,20,38,0.456,7129,0.912,0.996,61,1.0,0.996,1.0,61.0,0.0,0.0,0.0,0.996,1.0,61,leukemia_base_0012,original
leukemia_base_0012_22,2024-05-12,multiexperiments_small_gene,/root/ealab/expga1,100,1.0,0.75,20,38,0.456,7129,0.912,0.981,64,0.971,0.981,0.971,64.0,0.0,0.0,0.0,0.981,0.971,64,leukemia_base_0012,original
leukemia_base_0012_23,2024-05-12,multiexperiments_small_gene,/root/ealab/expga1,100,1.0,0.75,20,38,0.456,7129,0.912,0.997,43,1.0,0.997,1.0,43.0,0.0,0.0,0.0,0.997,1.0,43,leukemia_base_0012,original
leukemia_base_0012_24,2024-05-12,multiexperiments_small_gene,/root/ealab/expga1,100,1.0,0.75,20,38,0.456,7129,0.912,0.995,72,1.0,0.995,1.0,72.0,0.0,0.0,0.0,0.995,1.0,72,leukemia_base_0012,original
leukemia_base_0012_25,2024-05-12,multiexperiments_small_gene,/root/ealab/expga1,100,1.0,0.75,20,38,0.456,7129,0.912,0.996,63,1.0,0.996,1.0,63.0,0.0,0.0,0.0,0.996,1.0,63,leukemia_base_0012,original
leukemia_base_0012_26,2024-05-12,multiexperiments_small_gene,/root/ealab/expga1,100,1.0,0.75,20,38,0.456,7129,0.912,0.995,71,1.0,0.995,1.0,71.0,0.0,0.0,0.0,0.995,1.0,71,leukemia_base_0012,original
leukemia_base_0012_27,2024-05-12,multiexperiments_small_gene,/root/ealab/expga1,100,1.0,0.75,20,38,0.456,7129,0.912,0.996,57,1.0,0.996,1.0,57.0,0.0,0.0,0.0,0.996,1.0,57,leukemia_base_0012,original
leukemia_base_0012_28,2024-05-12,multiexperiments_small_gene,/root/ealab/expga1,100,1.0,0.75,20,38,0.456,7129,0.912,0.995,65,1.0,0.995,1.0,65.0,0.0,0.0,0.0,0.995,1.0,65,leukemia_base_0012,original
leukemia_base_0012_29,2024-05-12,multiexperiments_small_gene,/root/ealab/expga1,100,1.0,0.75,20,38,0.456,7129,0.912,0.996,51,1.0,0.996,1.0,51.0,0.0,0.0,0.0,0.996,1.0,51,leukemia_base_0012,original
gisette_base_0005_0,2024-04-27,experiments_with_syn6000VAE,/root/ealab/expga1,100,1.0,0.75,30,7200,0.48,4999,0.959,0.938,425,0.961,0.938,0.961,425.0,0.0,0.0,0.0,0.938,0.961,425,gisette_base_0005,aumentados
gisette_base_0005_1,2024-04-28,experiments_with_syn6000VAE,/root/ealab/expga1,100,1.0,0.75,30,7200,0.48,4999,0.959,0.938,403,0.957,0.938,0.957,403.0,0.0,0.0,0.0,0.938,0.957,403,gisette_base_0005,aumentados
gisette_base_0005_2,2024-04-28,experiments_with_syn6000VAE,/root/ealab/expga1,100,1.0,0.75,30,7200,0.48,4999,0.959,0.939,436,0.965,0.939,0.965,436.0,0.0,0.0,0.0,0.939,0.965,436,gisette_base_0005,aumentados
gisette_base_0005_3,2024-04-28,experiments_with_syn6000VAE,/root/ealab/expga1,100,1.0,0.75,30,7200,0.48,4999,0.959,0.936,467,0.965,0.936,0.965,467.0,0.0,0.0,0.0,0.936,0.965,467,gisette_base_0005,aumentados
gisette_base_0005_4,2024-04-28,experiments_with_syn6000VAE,/root/ealab/expga1,100,1.0,0.75,30,7200,0.48,4999,0.959,0.937,396,0.954,0.937,0.954,396.0,0.0,0.0,0.0,0.937,0.954,396,gisette_base_0005,aumentados
gisette_base_0005_5,2024-04-29,experiments_with_syn6000VAE,/root/ealab/expga1,100,1.0,0.75,30,7200,0.48,4999,0.959,0.937,421,0.959,0.937,0.959,421.0,0.0,0.0,0.0,0.937,0.959,421,gisette_base_0005,aumentados
gisette_base_0005_6,2024-04-29,experiments_with_syn6000VAE,/root/ealab/expga1,100,1.0,0.75,30,7200,0.48,4999,0.959,0.939,422,0.963,0.939,0.963,422.0,0.0,0.0,0.0,0.939,0.963,422,gisette_base_0005,aumentados
gisette_base_0005_7,2024-04-29,experiments_with_syn6000VAE,/root/ealab/expga1,100,1.0,0.75,30,7200,0.48,4999,0.959,0.938,422,0.96,0.938,0.96,422.0,0.0,0.0,0.0,0.938,0.96,422,gisette_base_0005,aumentados
gisette_base_0005_8,2024-04-30,experiments_with_syn6000VAE,/root/ealab/expga1,100,1.0,0.75,30,7200,0.48,4999,0.959,0.938,423,0.961,0.938,0.961,423.0,0.0,0.0,0.0,0.938,0.961,423,gisette_base_0005,aumentados
gisette_base_0005_9,2024-04-30,experiments_with_syn6000VAE,/root/ealab/expga1,100,1.0,0.75,30,7200,0.48,4999,0.959,0.936,427,0.958,0.936,0.957,427.0,0.0,0.0,0.0,0.936,0.958,427,gisette_base_0005,aumentados
gisette_base_0005_10,2024-04-30,experiments_with_syn6000VAE,/root/ealab/expga1,100,1.0,0.75,30,7200,0.48,4999,0.959,0.936,443,0.961,0.936,0.961,443.0,0.0,0.0,0.0,0.936,0.961,443,gisette_base_0005,aumentados
gisette_base_0005_11,2024-05-01,experiments_with_syn6000VAE,/root/ealab/expga1,100,1.0,0.75,30,7200,0.48,4999,0.959,0.938,419,0.959,0.938,0.959,419.0,0.0,0.0,0.0,0.938,0.959,419,gisette_base_0005,aumentados
gisette_base_0005_12,2024-05-01,experiments_with_syn6000VAE,/root/ealab/expga1,100,1.0,0.75,30,7200,0.48,4999,0.959,0.937,411,0.957,0.937,0.957,411.0,0.0,0.0,0.0,0.937,0.957,411,gisette_base_0005,aumentados
gisette_base_0020_0,2024-05-21,experiments_with_syn1000VAE,/root/ealab/expga1,100,1.0,0.75,30,3000,0.48,4999,0.96,0.936,430,0.959,0.936,0.959,430.0,0.0,0.0,0.0,0.936,0.959,430,gisette_base_0020,original
gisette_base_0020_1,2024-05-21,experiments_with_syn1000VAE,/root/ealab/expga1,100,1.0,0.75,30,3000,0.48,4999,0.96,0.934,431,0.955,0.934,0.955,431.0,0.0,0.0,0.0,0.934,0.955,431,gisette_base_0020,original
gisette_base_0022_0,2024-05-22,experiments_original,/root/ealab/expga1,100,1.0,0.75,30,3000,0.48,4999,0.96,0.935,411,0.952,0.935,0.952,411.0,0.0,0.0,0.0,0.935,0.952,411,gisette_base_0022,original
gisette_base_0022_1,2024-05-22,experiments_original,/root/ealab/expga1,100,1.0,0.75,30,3000,0.48,4999,0.96,0.94,423,0.964,0.94,0.964,423.0,0.0,0.0,0.0,0.94,0.964,423,gisette_base_0022,original
gisette_base_0022_2,2024-05-22,experiments_original,/root/ealab/expga1,100,1.0,0.75,30,3000,0.48,4999,0.96,0.934,449,0.958,0.934,0.958,449.0,0.0,0.0,0.0,0.934,0.958,449,gisette_base_0022,original
gisette_base_0022_3,2024-05-22,experiments_original,/root/ealab/expga1,100,1.0,0.75,30,3000,0.48,4999,0.96,0.933,443,0.955,0.933,0.955,443.0,0.0,0.0,0.0,0.933,0.955,443,gisette_base_0022,original
gisette_base_0022_4,2024-05-22,experiments_original,/root/ealab/expga1,100,1.0,0.75,30,3000,0.48,4999,0.96,0.937,443,0.962,0.937,0.962,443.0,0.0,0.0,0.0,0.937,0.962,443,gisette_base_0022,original
gisette_base_0022_5,2024-05-23,experiments_original,/root/ealab/expga1,100,1.0,0.75,30,3000,0.48,4999,0.96,0.936,448,0.962,0.936,0.962,448.0,0.0,0.0,0.0,0.936,0.962,448,gisette_base_0022,original
gisette_base_0022_6,2024-05-23,experiments_original,/root/ealab/expga1,100,1.0,0.75,30,3000,0.48,4999,0.96,0.939,428,0.963,0.939,0.963,428.0,0.0,0.0,0.0,0.939,0.963,428,gisette_base_0022,original
gisette_base_0022_7,2024-05-23,experiments_original,/root/ealab/expga1,100,1.0,0.75,30,3000,0.48,4999,0.96,0.938,423,0.96,0.938,0.96,423.0,0.0,0.0,0.0,0.938,0.96,423,gisette_base_0022,original
gisette_base_0022_8,2024-05-23,experiments_original,/root/ealab/expga1,100,1.0,0.75,30,3000,0.48,4999,0.96,0.934,458,0.96,0.934,0.96,458.0,0.0,0.0,0.0,0.934,0.96,458,gisette_base_0022,original
gisette_base_0022_9,2024-05-24,experiments_original,/root/ealab/expga1,100,1.0,0.75,30,3000,0.48,4999,0.96,0.935,453,0.961,0.935,0.961,453.0,0.0,0.0,0.0,0.935,0.961,453,gisette_base_0022,original
mandelon_synthetic_0014_0,2024-05-19,30experiments_with_syn2000VAE,/root/ealab/expga1,100,1.0,0.75,30,3400,0.388,500,0.777,0.879,43,0.844,0.879,0.844,43.0,0.0,0.0,0.0,0.879,0.844,43,mandelon_synthetic,aumentados
mandelon_synthetic_0014_1,2024-05-19,30experiments_with_syn2000VAE,/root/ealab/expga1,100,1.0,0.75,30,3400,0.388,500,0.777,0.875,26,0.802,0.875,0.802,26.0,0.0,0.0,0.0,0.875,0.802,26,mandelon_synthetic,aumentados
mandelon_synthetic_0014_2,2024-05-19,30experiments_with_syn2000VAE,/root/ealab/expga1,100,1.0,0.75,30,3400,0.388,500,0.777,0.877,26,0.807,0.877,0.807,26.0,0.0,0.0,0.0,0.877,0.807,26,mandelon_synthetic,aumentados
mandelon_synthetic_0014_3,2024-05-19,30experiments_with_syn2000VAE,/root/ealab/expga1,100,1.0,0.75,30,3400,0.388,500,0.777,0.878,37,0.831,0.878,0.831,37.0,0.0,0.0,0.0,0.878,0.831,37,mandelon_synthetic,aumentados
mandelon_synthetic_0014_4,2024-05-19,30experiments_with_syn2000VAE,/root/ealab/expga1,100,1.0,0.75,30,3400,0.388,500,0.777,0.888,29,0.833,0.888,0.833,29.0,0.0,0.0,0.0,0.888,0.833,29,mandelon_synthetic,aumentados
mandelon_synthetic_0014_5,2024-05-19,30experiments_with_syn2000VAE,/root/ealab/expga1,100,1.0,0.75,30,3400,0.388,500,0.777,0.873,33,0.812,0.873,0.812,33.0,0.0,0.0,0.0,0.873,0.812,33,mandelon_synthetic,aumentados
mandelon_synthetic_0014_6,2024-05-19,30experiments_with_syn2000VAE,/root/ealab/expga1,100,1.0,0.75,30,3400,0.388,500,0.777,0.881,25,0.812,0.881,0.812,25.0,0.0,0.0,0.0,0.881,0.812,25,mandelon_synthetic,aumentados
mandelon_synthetic_0014_7,2024-05-19,30experiments_with_syn2000VAE,/root/ealab/expga1,100,1.0,0.75,30,3400,0.388,500,0.777,0.893,27,0.839,0.893,0.839,27.0,0.0,0.0,0.0,0.893,0.839,27,mandelon_synthetic,aumentados
mandelon_synthetic_0014_8,2024-05-19,30experiments_with_syn2000VAE,/root/ealab/expga1,100,1.0,0.75,30,3400,0.388,500,0.777,0.878,34,0.825,0.879,0.825,34.0,0.0,0.0,0.0,0.878,0.825,34,mandelon_synthetic,aumentados
mandelon_synthetic_0014_9,2024-05-19,30experiments_with_syn2000VAE,/root/ealab/expga1,100,1.0,0.75,30,3400,0.388,500,0.777,0.9,26,0.852,0.9,0.852,26.0,0.0,0.0,0.0,0.9,0.852,26,mandelon_synthetic,aumentados
mandelon_synthetic_0014_10,2024-05-19,30experiments_with_syn2000VAE,/root/ealab/expga1,100,1.0,0.75,30,3400,0.388,500,0.777,0.907,27,0.868,0.907,0.868,27.0,0.0,0.0,0.0,0.907,0.868,27,mandelon_synthetic,aumentados
mandelon_synthetic_0014_11,2024-05-19,30experiments_with_syn2000VAE,/root/ealab/expga1,100,1.0,0.75,30,3400,0.388,500,0.777,0.863,34,0.795,0.864,0.795,34.0,0.0,0.0,0.0,0.863,0.795,34,mandelon_synthetic,aumentados
mandelon_synthetic_0014_12,2024-05-19,30experiments_with_syn2000VAE,/root/ealab/expga1,100,1.0,0.75,30,3400,0.388,500,0.777,0.886,28,0.828,0.886,0.828,28.0,0.0,0.0,0.0,0.886,0.828,28,mandelon_synthetic,aumentados
mandelon_synthetic_0014_13,2024-05-19,30experiments_with_syn2000VAE,/root/ealab/expga1,100,1.0,0.75,30,3400,0.388,500,0.777,0.894,29,0.847,0.894,0.847,29.0,0.0,0.0,0.0,0.894,0.847,29,mandelon_synthetic,aumentados
mandelon_synthetic_0014_14,2024-05-19,30experiments_with_syn2000VAE,/root/ealab/expga1,100,1.0,0.75,30,3400,0.388,500,0.777,0.879,29,0.817,0.879,0.817,29.0,0.0,0.0,0.0,0.879,0.817,29,mandelon_synthetic,aumentados
mandelon_synthetic_0014_15,2024-05-19,30experiments_with_syn2000VAE,/root/ealab/expga1,100,1.0,0.75,30,3400,0.388,500,0.777,0.917,22,0.878,0.917,0.878,22.0,0.0,0.0,0.0,0.917,0.878,22,mandelon_synthetic,aumentados
mandelon_synthetic_0014_16,2024-05-19,30experiments_with_syn2000VAE,/root/ealab/expga1,100,1.0,0.75,30,3400,0.388,500,0.777,0.922,22,0.888,0.922,0.888,22.0,0.0,0.0,0.0,0.922,0.888,22,mandelon_synthetic,aumentados
mandelon_synthetic_0014_17,2024-05-19,30experiments_with_syn2000VAE,/root/ealab/expga1,100,1.0,0.75,30,3400,0.388,500,0.777,0.88,22,0.804,0.88,0.804,22.0,0.0,0.0,0.0,0.88,0.804,22,mandelon_synthetic,aumentados
mandelon_synthetic_0014_18,2024-05-19,30experiments_with_syn2000VAE,/root/ealab/expga1,100,1.0,0.75,30,3400,0.388,500,0.777,0.88,37,0.834,0.88,0.834,37.0,0.0,0.0,0.0,0.88,0.834,37,mandelon_synthetic,aumentados
mandelon_synthetic_0014_19,2024-05-19,30experiments_with_syn2000VAE,/root/ealab/expga1,100,1.0,0.75,30,3400,0.388,500,0.777,0.884,24,0.816,0.884,0.816,24.0,0.0,0.0,0.0,0.884,0.816,24,mandelon_synthetic,aumentados
mandelon_synthetic_0014_20,2024-05-19,30experiments_with_syn2000VAE,/root/ealab/expga1,100,1.0,0.75,30,3400,0.388,500,0.777,0.888,33,0.842,0.888,0.842,33.0,0.0,0.0,0.0,0.888,0.842,33,mandelon_synthetic,aumentados
mandelon_synthetic_0014_21,2024-05-19,30experiments_with_syn2000VAE,/root/ealab/expga1,100,1.0,0.75,30,3400,0.388,500,0.777,0.881,23,0.808,0.881,0.808,23.0,0.0,0.0,0.0,0.881,0.808,23,mandelon_synthetic,aumentados
mandelon_synthetic_0014_22,2024-05-19,30experiments_with_syn2000VAE,/root/ealab/expga1,100,1.0,0.75,30,3400,0.388,500,0.777,0.886,31,0.834,0.886,0.834,31.0,0.0,0.0,0.0,0.886,0.834,31,mandelon_synthetic,aumentados
mandelon_synthetic_0014_23,2024-05-19,30experiments_with_syn2000VAE,/root/ealab/expga1,100,1.0,0.75,30,3400,0.388,500,0.777,0.881,36,0.834,0.881,0.834,36.0,0.0,0.0,0.0,0.881,0.834,36,mandelon_synthetic,aumentados
mandelon_synthetic_0014_24,2024-05-19,30experiments_with_syn2000VAE,/root/ealab/expga1,100,1.0,0.75,30,3400,0.388,500,0.777,0.879,36,0.829,0.879,0.829,36.0,0.0,0.0,0.0,0.879,0.829,36,mandelon_synthetic,aumentados
mandelon_synthetic_0014_25,2024-05-20,30experiments_with_syn2000VAE,/root/ealab/expga1,100,1.0,0.75,30,3400,0.388,500,0.777,0.894,19,0.825,0.893,0.825,19.0,0.0,0.0,0.0,0.894,0.825,19,mandelon_synthetic,aumentados
mandelon_synthetic_0014_26,2024-05-20,30experiments_with_syn2000VAE,/root/ealab/expga1,100,1.0,0.75,30,3400,0.388,500,0.777,0.88,29,0.818,0.88,0.818,29.0,0.0,0.0,0.0,0.88,0.818,29,mandelon_synthetic,aumentados
mandelon_synthetic_0014_27,2024-05-20,30experiments_with_syn2000VAE,/root/ealab/expga1,100,1.0,0.75,30,3400,0.388,500,0.777,0.872,25,0.793,0.872,0.793,25.0,0.0,0.0,0.0,0.872,0.793,25,mandelon_synthetic,aumentados
mandelon_synthetic_0014_28,2024-05-20,30experiments_with_syn2000VAE,/root/ealab/expga1,100,1.0,0.75,30,3400,0.388,500,0.777,0.879,26,0.811,0.879,0.811,26.0,0.0,0.0,0.0,0.879,0.811,26,mandelon_synthetic,aumentados
mandelon_synthetic_0014_29,2024-05-20,30experiments_with_syn2000VAE,/root/ealab/expga1,100,1.0,0.75,30,3400,0.388,500,0.777,0.871,33,0.808,0.871,0.808,33.0,0.0,0.0,0.0,0.871,0.808,33,mandelon_synthetic,aumentados
mandelon_base_0017_0,2024-05-20,3experiments_originaldata,/root/ealab/expga1,100,1.0,0.75,20,2000,0.267,500,0.533,0.812,31,0.685,0.811,0.685,31.0,0.0,0.0,0.0,0.812,0.685,31,mandelon_base_0017,original
mandelon_base_0017_1,2024-05-20,3experiments_originaldata,/root/ealab/expga1,100,1.0,0.75,20,2000,0.267,500,0.533,0.819,36,0.71,0.819,0.71,36.0,0.0,0.0,0.0,0.819,0.71,36,mandelon_base_0017,original
mandelon_base_0017_2,2024-05-20,3experiments_originaldata,/root/ealab/expga1,100,1.0,0.75,20,2000,0.267,500,0.533,0.821,44,0.73,0.821,0.73,44.0,0.0,0.0,0.0,0.821,0.73,44,mandelon_base_0017,original
mandelon_base_0017_3,2024-05-20,3experiments_originaldata,/root/ealab/expga1,100,1.0,0.75,20,2000,0.267,500,0.533,0.842,35,0.753,0.842,0.753,35.0,0.0,0.0,0.0,0.842,0.753,35,mandelon_base_0017,original
mandelon_base_0017_4,2024-05-20,3experiments_originaldata,/root/ealab/expga1,100,1.0,0.75,20,2000,0.267,500,0.533,0.852,29,0.762,0.852,0.762,29.0,0.0,0.0,0.0,0.852,0.762,29,mandelon_base_0017,original
mandelon_base_0017_5,2024-05-20,3experiments_originaldata,/root/ealab/expga1,100,1.0,0.75,20,2000,0.267,500,0.533,0.844,36,0.76,0.844,0.76,36.0,0.0,0.0,0.0,0.844,0.76,36,mandelon_base_0017,original
mandelon_base_0017_6,2024-05-20,3experiments_originaldata,/root/ealab/expga1,100,1.0,0.75,20,2000,0.267,500,0.533,0.857,32,0.778,0.857,0.778,32.0,0.0,0.0,0.0,0.857,0.778,32,mandelon_base_0017,original
mandelon_base_0017_7,2024-05-20,3experiments_originaldata,/root/ealab/expga1,100,1.0,0.75,20,2000,0.267,500,0.533,0.807,41,0.697,0.807,0.697,41.0,0.0,0.0,0.0,0.807,0.697,41,mandelon_base_0017,original
mandelon_base_0017_8,2024-05-20,3experiments_originaldata,/root/ealab/expga1,100,1.0,0.75,20,2000,0.267,500,0.533,0.866,24,0.78,0.866,0.78,24.0,0.0,0.0,0.0,0.866,0.78,24,mandelon_base_0017,original
mandelon_base_0017_9,2024-05-20,3experiments_originaldata,/root/ealab/expga1,100,1.0,0.75,20,2000,0.267,500,0.533,0.817,38,0.71,0.817,0.71,38.0,0.0,0.0,0.0,0.817,0.71,38,mandelon_base_0017,original
mandelon_base_0017_10,2024-05-20,3experiments_originaldata,/root/ealab/expga1,100,1.0,0.75,20,2000,0.267,500,0.533,0.863,29,0.785,0.864,0.785,29.0,0.0,0.0,0.0,0.863,0.785,29,mandelon_base_0017,original
mandelon_base_0017_11,2024-05-20,3experiments_originaldata,/root/ealab/expga1,100,1.0,0.75,20,2000,0.267,500,0.533,0.806,41,0.695,0.806,0.695,41.0,0.0,0.0,0.0,0.806,0.695,41,mandelon_base_0017,original
mandelon_base_0017_12,2024-05-20,3experiments_originaldata,/root/ealab/expga1,100,1.0,0.75,20,2000,0.267,500,0.533,0.812,45,0.715,0.812,0.715,45.0,0.0,0.0,0.0,0.812,0.715,45,mandelon_base_0017,original
mandelon_base_0017_13,2024-05-20,3experiments_originaldata,/root/ealab/expga1,100,1.0,0.75,20,2000,0.267,500,0.533,0.859,31,0.78,0.859,0.78,31.0,0.0,0.0,0.0,0.859,0.78,31,mandelon_base_0017,original
mandelon_base_0017_14,2024-05-20,3experiments_originaldata,/root/ealab/expga1,100,1.0,0.75,20,2000,0.267,500,0.533,0.846,36,0.763,0.846,0.763,36.0,0.0,0.0,0.0,0.846,0.763,36,mandelon_base_0017,original
mandelon_base_0017_15,2024-05-20,3experiments_originaldata,/root/ealab/expga1,100,1.0,0.75,20,2000,0.267,500,0.533,0.841,39,0.76,0.841,0.76,39.0,0.0,0.0,0.0,0.841,0.76,39,mandelon_base_0017,original
mandelon_base_0017_16,2024-05-20,3experiments_originaldata,/root/ealab/expga1,100,1.0,0.75,20,2000,0.267,500,0.533,0.838,35,0.747,0.838,0.747,35.0,0.0,0.0,0.0,0.838,0.747,35,mandelon_base_0017,original
mandelon_base_0017_17,2024-05-20,3experiments_originaldata,/root/ealab/expga1,100,1.0,0.75,20,2000,0.267,500,0.533,0.826,38,0.728,0.826,0.728,38.0,0.0,0.0,0.0,0.826,0.728,38,mandelon_base_0017,original
mandelon_base_0017_18,2024-05-20,3experiments_originaldata,/root/ealab/expga1,100,1.0,0.75,20,2000,0.267,500,0.533,0.806,35,0.682,0.806,0.682,35.0,0.0,0.0,0.0,0.806,0.682,35,mandelon_base_0017,original
mandelon_base_0023_0,2024-05-21,3experiments_originaldata,/root/ealab/expga1,100,1.0,0.75,30,2000,0.267,500,0.533,0.812,36,0.697,0.812,0.697,36.0,0.0,0.0,0.0,0.812,0.697,36,mandelon_base_0023,original
mandelon_base_0023_1,2024-05-21,3experiments_originaldata,/root/ealab/expga1,100,1.0,0.75,30,2000,0.267,500,0.533,0.843,41,0.768,0.843,0.768,41.0,0.0,0.0,0.0,0.843,0.768,41,mandelon_base_0023,original
mandelon_base_0023_2,2024-05-21,3experiments_originaldata,/root/ealab/expga1,100,1.0,0.75,30,2000,0.267,500,0.533,0.821,41,0.723,0.821,0.723,41.0,0.0,0.0,0.0,0.821,0.723,41,mandelon_base_0023,original
mandelon_base_0023_3,2024-05-21,3experiments_originaldata,/root/ealab/expga1,100,1.0,0.75,30,2000,0.267,500,0.533,0.849,35,0.768,0.849,0.768,35.0,0.0,0.0,0.0,0.849,0.768,35,mandelon_base_0023,original
mandelon_base_0023_4,2024-05-21,3experiments_originaldata,/root/ealab/expga1,100,1.0,0.75,30,2000,0.267,500,0.533,0.788,45,0.665,0.787,0.665,45.0,0.0,0.0,0.0,0.788,0.665,45,mandelon_base_0023,original
mandelon_base_0023_5,2024-05-21,3experiments_originaldata,/root/ealab/expga1,100,1.0,0.75,30,2000,0.267,500,0.533,0.863,29,0.785,0.864,0.785,29.0,0.0,0.0,0.0,0.863,0.785,29,mandelon_base_0023,original
mandelon_base_0023_6,2024-05-21,3experiments_originaldata,/root/ealab/expga1,100,1.0,0.75,30,2000,0.267,500,0.533,0.878,24,0.803,0.878,0.803,24.0,0.0,0.0,0.0,0.878,0.803,24,mandelon_base_0023,original
mandelon_base_0023_7,2024-05-21,3experiments_originaldata,/root/ealab/expga1,100,1.0,0.75,30,2000,0.267,500,0.533,0.862,33,0.79,0.862,0.79,33.0,0.0,0.0,0.0,0.862,0.79,33,mandelon_base_0023,original
mandelon_base_0023_8,2024-05-21,3experiments_originaldata,/root/ealab/expga1,100,1.0,0.75,30,2000,0.267,500,0.533,0.846,36,0.763,0.846,0.763,36.0,0.0,0.0,0.0,0.846,0.763,36,mandelon_base_0023,original
mandelon_base_0023_9,2024-05-21,3experiments_originaldata,/root/ealab/expga1,100,1.0,0.75,30,2000,0.267,500,0.533,0.852,36,0.775,0.851,0.775,36.0,0.0,0.0,0.0,0.852,0.775,36,mandelon_base_0023,original
mandelon_base_0023_10,2024-05-21,3experiments_originaldata,/root/ealab/expga1,100,1.0,0.75,30,2000,0.267,500,0.533,0.832,33,0.73,0.832,0.73,33.0,0.0,0.0,0.0,0.832,0.73,33,mandelon_base_0023,original
mandelon_base_0023_11,2024-05-21,3experiments_originaldata,/root/ealab/expga1,100,1.0,0.75,30,2000,0.267,500,0.533,0.835,44,0.758,0.835,0.758,44.0,0.0,0.0,0.0,0.835,0.758,44,mandelon_base_0023,original
mandelon_base_0023_12,2024-05-21,3experiments_originaldata,/root/ealab/expga1,100,1.0,0.75,30,2000,0.267,500,0.533,0.875,31,0.812,0.875,0.812,31.0,0.0,0.0,0.0,0.875,0.812,31,mandelon_base_0023,original
mandelon_base_0023_13,2024-05-21,3experiments_originaldata,/root/ealab/expga1,100,1.0,0.75,30,2000,0.267,500,0.533,0.841,39,0.76,0.841,0.76,39.0,0.0,0.0,0.0,0.841,0.76,39,mandelon_base_0023,original
mandelon_base_0023_14,2024-05-21,3experiments_originaldata,/root/ealab/expga1,100,1.0,0.75,30,2000,0.267,500,0.533,0.858,36,0.788,0.858,0.788,36.0,0.0,0.0,0.0,0.858,0.788,36,mandelon_base_0023,original
mandelon_base_0023_15,2024-05-21,3experiments_originaldata,/root/ealab/expga1,100,1.0,0.75,30,2000,0.267,500,0.533,0.842,36,0.755,0.841,0.755,36.0,0.0,0.0,0.0,0.842,0.755,36,mandelon_base_0023,original
mandelon_base_0023_16,2024-05-21,3experiments_originaldata,/root/ealab/expga1,100,1.0,0.75,30,2000,0.267,500,0.533,0.803,45,0.697,0.803,0.697,45.0,0.0,0.0,0.0,0.803,0.697,45,mandelon_base_0023,original
mandelon_base_0023_17,2024-05-21,3experiments_originaldata,/root/ealab/expga1,100,1.0,0.75,30,2000,0.267,500,0.533,0.856,36,0.785,0.857,0.785,36.0,0.0,0.0,0.0,0.856,0.785,36,mandelon_base_0023,original
mandelon_base_0023_18,2024-05-21,3experiments_originaldata,/root/ealab/expga1,100,1.0,0.75,30,2000,0.267,500,0.533,0.872,33,0.81,0.872,0.81,33.0,0.0,0.0,0.0,0.872,0.81,33,mandelon_base_0023,original
mandelon_base_0023_19,2024-05-21,3experiments_originaldata,/root/ealab/expga1,100,1.0,0.75,30,2000,0.267,500,0.533,0.832,41,0.745,0.832,0.745,41.0,0.0,0.0,0.0,0.832,0.745,41,mandelon_base_0023,original
mandelon_base_0023_20,2024-05-21,3experiments_originaldata,/root/ealab/expga1,100,1.0,0.75,30,2000,0.267,500,0.533,0.862,30,0.785,0.862,0.785,30.0,0.0,0.0,0.0,0.862,0.785,30,mandelon_base_0023,original
mandelon_base_0023_21,2024-05-21,3experiments_originaldata,/root/ealab/expga1,100,1.0,0.75,30,2000,0.267,500,0.533,0.878,31,0.818,0.878,0.818,31.0,0.0,0.0,0.0,0.878,0.818,31,mandelon_base_0023,original
mandelon_base_0023_22,2024-05-21,3experiments_originaldata,/root/ealab/expga1,100,1.0,0.75,30,2000,0.267,500,0.533,0.812,41,0.707,0.812,0.707,41.0,0.0,0.0,0.0,0.812,0.707,41,mandelon_base_0023,original
mandelon_base_0023_23,2024-05-21,3experiments_originaldata,/root/ealab/expga1,100,1.0,0.75,30,2000,0.267,500,0.533,0.855,31,0.772,0.855,0.772,31.0,0.0,0.0,0.0,0.855,0.772,31,mandelon_base_0023,original
mandelon_base_0023_24,2024-05-21,3experiments_originaldata,/root/ealab/expga1,100,1.0,0.75,30,2000,0.267,500,0.533,0.842,41,0.765,0.841,0.765,41.0,0.0,0.0,0.0,0.842,0.765,41,mandelon_base_0023,original
mandelon_base_0023_25,2024-05-21,3experiments_originaldata,/root/ealab/expga1,100,1.0,0.75,30,2000,0.267,500,0.533,0.844,36,0.76,0.844,0.76,36.0,0.0,0.0,0.0,0.844,0.76,36,mandelon_base_0023,original
mandelon_base_0023_26,2024-05-21,3experiments_originaldata,/root/ealab/expga1,100,1.0,0.75,30,2000,0.267,500,0.533,0.818,44,0.723,0.818,0.723,44.0,0.0,0.0,0.0,0.818,0.723,44,mandelon_base_0023,original
mandelon_base_0023_27,2024-05-21,3experiments_originaldata,/root/ealab/expga1,100,1.0,0.75,30,2000,0.267,500,0.533,0.812,31,0.687,0.812,0.687,31.0,0.0,0.0,0.0,0.812,0.687,31,mandelon_base_0023,original
mandelon_base_0023_28,2024-05-21,3experiments_originaldata,/root/ealab/expga1,100,1.0,0.75,30,2000,0.267,500,0.533,0.838,36,0.748,0.838,0.748,36.0,0.0,0.0,0.0,0.838,0.748,36,mandelon_base_0023,original
mandelon_base_0023_29,2024-05-21,3experiments_originaldata,/root/ealab/expga1,100,1.0,0.75,30,2000,0.267,500,0.533,0.864,28,0.785,0.864,0.785,28.0,0.0,0.0,0.0,0.864,0.785,28,mandelon_base_0023,original
gcm_base_0061_0,2024-07-25,ga_ga_original_data,/home/azureuser/ealab/expga1,100,0.1,0.75,15,1304,0.247,1600,0.494,0.53,749,0.527,0.518,0.508,754.5,0.029,0.054,14.905,0.53,0.547,804,gcm_base_0061,aumentados
gcm_base_0061_1,2024-07-26,ga_ga_original_data,/home/azureuser/ealab/expga1,100,0.1,0.75,15,1304,0.247,1600,0.494,0.53,802,0.56,0.53,0.56,802.0,0.0,0.0,0.0,0.53,0.56,802,gcm_base_0061,aumentados
gcm_base_0063_0,2024-07-26,ga_ga_original_data,/home/azureuser/ealab/expga1,100,0.1,0.75,15,114,0.175,1600,0.349,0.513,813,0.535,0.513,0.535,813.0,0.0,0.0,0.0,0.513,0.535,813,gcm_base_0063,original
gcm_base_0063_1,2024-07-26,ga_ga_original_data,/home/azureuser/ealab/expga1,100,0.1,0.75,15,114,0.175,1600,0.349,0.499,780,0.485,0.499,0.485,780.0,0.0,0.0,0.0,0.499,0.485,780,gcm_base_0063,original
gcm_base_0063_2,2024-07-26,ga_ga_original_data,/home/azureuser/ealab/expga1,100,0.1,0.75,15,114,0.175,1600,0.349,0.498,761,0.472,0.498,0.472,761.0,0.0,0.0,0.0,0.498,0.472,761,gcm_base_0063,original
gcm_base_0063_3,2024-07-26,ga_ga_original_data,/home/azureuser/ealab/expga1,100,0.1,0.75,15,114,0.175,1600,0.349,0.512,773,0.508,0.512,0.508,773.0,0.0,0.0,0.0,0.512,0.508,773,gcm_base_0063,original
gcm_base_0063_4,2024-07-26,ga_ga_original_data,/home/azureuser/ealab/expga1,100,0.1,0.75,15,114,0.175,1600,0.349,0.518,780,0.523,0.518,0.523,780.0,0.0,0.0,0.0,0.518,0.523,780,gcm_base_0063,original
gcm_base_0064_0,2024-07-27,ga_ga_original_data,/home/sebacastillo/ealab/expga1,100,0.1,0.75,15,1323,0.219,1600,0.438,0.722,46,0.472,0.722,0.472,46.0,0.0,0.0,0.0,0.722,0.472,46,gcm_base_0064,aumentados
gcm_base_0064_1,2024-07-27,ga_ga_original_data,/home/sebacastillo/ealab/expga1,100,0.1,0.75,15,1323,0.219,1600,0.438,0.707,40,0.44,0.707,0.44,40.0,0.0,0.0,0.0,0.707,0.44,40,gcm_base_0064,aumentados
gcm_base_0064_2,2024-07-27,ga_ga_original_data,/home/sebacastillo/ealab/expga1,100,0.1,0.75,15,1323,0.219,1600,0.438,0.709,35,0.441,0.709,0.441,35.0,0.0,0.0,0.0,0.709,0.441,35,gcm_base_0064,aumentados
gcm_base_0064_3,2024-07-27,ga_ga_original_data,/home/sebacastillo/ealab/expga1,100,0.1,0.75,15,1323,0.219,1600,0.438,0.695,50,0.42,0.695,0.42,50.0,0.0,0.0,0.0,0.695,0.42,50,gcm_base_0064,aumentados
gcm_base_0065_0,2024-07-28,ga_ga_original_data,/home/sebacastillo/ealab/expga1,100,0.1,0.75,15,133,0.174,1600,0.349,0.61,452,0.503,0.61,0.503,452.0,0.0,0.0,0.0,0.61,0.503,452,gcm_base_0065,original
gcm_base_0065_1,2024-07-28,ga_ga_original_data,/home/sebacastillo/ealab/expga1,100,0.1,0.75,15,133,0.174,1600,0.349,0.591,495,0.492,0.591,0.492,495.0,0.0,0.0,0.0,0.591,0.492,495,gcm_base_0065,original
gcm_base_0065_2,2024-07-28,ga_ga_original_data,/home/sebacastillo/ealab/expga1,100,0.1,0.75,15,133,0.174,1600,0.349,0.596,465,0.484,0.596,0.484,465.0,0.0,0.0,0.0,0.596,0.484,465,gcm_base_0065,original
gcm_base_0065_3,2024-07-28,ga_ga_original_data,/home/sebacastillo/ealab/expga1,100,0.1,0.75,15,133,0.174,1600,0.349,0.591,455,0.466,0.591,0.466,455.0,0.0,0.0,0.0,0.591,0.466,455,gcm_base_0065,original
gcm_base_0065_4,2024-07-28,ga_ga_original_data,/home/sebacastillo/ealab/expga1,100,0.1,0.75,15,133,0.174,1600,0.349,0.612,441,0.5,0.612,0.5,441.0,0.0,0.0,0.0,0.612,0.5,441,gcm_base_0065,original
gcm_base_0061_2,2024-07-30,ga_ga_original_data,/home/sebacastillo/ealab/expga1,100,0.1,0.75,15,3129,0.221,1600,0.442,0.52,781,0.527,0.52,0.527,781.0,0.0,0.0,0.0,0.52,0.527,781,gcm_base_0061,aumentados
gcm_base_0061_3,2024-07-31,ga_ga_original_data,/home/sebacastillo/ealab/expga1,100,0.1,0.75,15,3129,0.221,1600,0.442,0.547,749,0.562,0.542,0.585,801.38,0.018,0.039,8.402,0.547,0.591,803,gcm_base_0061,aumentados
gcm_base_0067_0,2024-07-31,ga_ga_original_data,/home/sebacastillo/ealab/expga1,100,0.1,0.75,15,133,0.174,1600,0.349,0.689,44,0.405,0.689,0.405,44.0,0.0,0.0,0.0,0.689,0.405,44,gcm_base_0067,original
gcm_base_0067_1,2024-07-31,ga_ga_original_data,/home/sebacastillo/ealab/expga1,100,0.1,0.75,15,133,0.174,1600,0.349,0.693,51,0.418,0.693,0.418,51.0,0.0,0.0,0.0,0.693,0.418,51,gcm_base_0067,original
gcm_base_0067_2,2024-07-31,ga_ga_original_data,/home/sebacastillo/ealab/expga1,100,0.1,0.75,15,133,0.174,1600,0.349,0.697,50,0.426,0.697,0.426,50.0,0.0,0.0,0.0,0.697,0.426,50,gcm_base_0067,original
gcm_base_0067_3,2024-07-31,ga_ga_original_data,/home/sebacastillo/ealab/expga1,100,0.1,0.75,15,133,0.174,1600,0.349,0.719,46,0.466,0.719,0.466,46.0,0.0,0.0,0.0,0.719,0.466,46,gcm_base_0067,original
gcm_base_0067_4,2024-07-31,ga_ga_original_data,/home/sebacastillo/ealab/expga1,100,0.1,0.75,15,133,0.174,1600,0.349,0.695,46,0.42,0.695,0.42,46.0,0.0,0.0,0.0,0.695,0.42,46,gcm_base_0067,original
gcm_base_0066_0,2024-08-01,ga_ga_original_data,/home/sebacastillo/ealab/expga1,100,0.1,0.75,15,3129,0.257,1600,0.514,0.661,452,0.604,0.654,0.591,451.68,0.017,0.035,0.773,0.661,0.604,453,gcm_base_0066,aumentados
gcm_base_0066_0,2024-08-02,ga_ga_original_data,/home/azureuser/ealab/expga1,100,0.1,0.75,15,3129,0.203,1600,0.406,0.623,468,0.539,0.623,0.539,468.0,0.0,0.0,0.0,0.623,0.539,468,gcm_base_0066,aumentados
gcm_base_0066_0,2024-08-02,ga_ga_original_data,/home/azureuser/ealab/expga1,100,0.1,0.75,15,3129,0.214,1600,0.428,0.639,438,0.551,0.639,0.551,438.0,0.0,0.0,0.0,0.639,0.551,438,gcm_base_0066,aumentados
gcm_base_0066_1,2024-08-02,ga_ga_original_data,/home/azureuser/ealab/expga1,100,0.1,0.75,15,3129,0.214,1600,0.428,0.615,466,0.522,0.611,0.512,464.8,0.016,0.032,2.191,0.615,0.522,477,gcm_base_0066,aumentados
gcm_base_0066_2,2024-08-02,ga_ga_original_data,/home/azureuser/ealab/expga1,100,0.1,0.75,15,3129,0.214,1600,0.428,0.609,446,0.498,0.609,0.498,446.0,0.0,0.0,0.0,0.609,0.498,446,gcm_base_0066,aumentados
gcm_base_0067_0,2024-08-02,ga_ga_original_data,/home/azureuser/ealab/expga1,100,0.1,0.75,15,133,0.174,1600,0.349,0.712,49,0.454,0.712,0.454,49.0,0.0,0.0,0.0,0.712,0.454,49,gcm_base_0067,original
gcm_base_0067_1,2024-08-02,ga_ga_original_data,/home/azureuser/ealab/expga1,100,0.1,0.75,15,133,0.174,1600,0.349,0.716,36,0.454,0.716,0.454,36.0,0.0,0.0,0.0,0.716,0.454,36,gcm_base_0067,original
gcm_base_0067_2,2024-08-02,ga_ga_original_data,/home/azureuser/ealab/expga1,100,0.1,0.75,15,133,0.174,1600,0.349,0.711,46,0.45,0.711,0.45,46.0,0.0,0.0,0.0,0.711,0.45,46,gcm_base_0067,original
gcm_base_0067_3,2024-08-02,ga_ga_original_data,/home/azureuser/ealab/expga1,100,0.1,0.75,15,133,0.174,1600,0.349,0.687,51,0.406,0.687,0.406,51.0,0.0,0.0,0.0,0.687,0.406,51,gcm_base_0067,original
gcm_base_0067_4,2024-08-02,ga_ga_original_data,/home/azureuser/ealab/expga1,100,0.1,0.75,15,133,0.174,1600,0.349,0.698,45,0.424,0.698,0.424,45.0,0.0,0.0,0.0,0.698,0.424,45,gcm_base_0067,original
gcm_base_0069_0,2024-08-06,ga_ga_original_data,/home/sebacastillo/ealab/expga1,100,0.1,0.75,15,3129,0.211,1600,0.422,0.701,177,0.512,0.701,0.512,177.0,0.0,0.0,0.0,0.701,0.512,177,gcm_base_0069,aumentados
gcm_base_0069_1,2024-08-06,ga_ga_original_data,/home/sebacastillo/ealab/expga1,100,0.1,0.75,15,3129,0.211,1600,0.422,0.719,212,0.571,0.719,0.571,212.0,0.0,0.0,0.0,0.719,0.571,212,gcm_base_0069,aumentados
gcm_base_0069_2,2024-08-06,ga_ga_original_data,/home/sebacastillo/ealab/expga1,100,0.1,0.75,15,3129,0.211,1600,0.422,0.664,207,0.458,0.664,0.458,207.0,0.0,0.0,0.0,0.664,0.458,207,gcm_base_0069,aumentados
gcm_base_0069_3,2024-08-06,ga_ga_original_data,/home/sebacastillo/ealab/expga1,100,0.1,0.75,15,3129,0.211,1600,0.422,0.678,181,0.469,0.678,0.469,181.0,0.0,0.0,0.0,0.678,0.469,181,gcm_base_0069,aumentados
gcm_base_0069_4,2024-08-07,ga_ga_original_data,/home/sebacastillo/ealab/expga1,100,0.1,0.75,15,3129,0.211,1600,0.422,0.68,192,0.479,0.68,0.479,192.0,0.0,0.0,0.0,0.68,0.479,192,gcm_base_0069,aumentados
gcm_base_0070_0,2024-08-07,ga_ga_original_data,/home/sebacastillo/ealab/expga1,100,0.1,0.75,15,133,0.174,1600,0.349,0.681,207,0.492,0.681,0.492,207.0,0.0,0.0,0.0,0.681,0.492,207,gcm_base_0070,original
gcm_base_0070_1,2024-08-07,ga_ga_original_data,/home/sebacastillo/ealab/expga1,100,0.1,0.75,15,133,0.174,1600,0.349,0.689,193,0.498,0.689,0.498,193.0,0.0,0.0,0.0,0.689,0.498,193,gcm_base_0070,original
gcm_base_0070_2,2024-08-07,ga_ga_original_data,/home/sebacastillo/ealab/expga1,100,0.1,0.75,15,133,0.174,1600,0.349,0.685,186,0.486,0.685,0.486,186.0,0.0,0.0,0.0,0.685,0.486,186,gcm_base_0070,original
gcm_base_0070_3,2024-08-07,ga_ga_original_data,/home/sebacastillo/ealab/expga1,100,0.1,0.75,15,133,0.174,1600,0.349,0.67,179,0.452,0.67,0.452,179.0,0.0,0.0,0.0,0.67,0.452,179,gcm_base_0070,original
gcm_base_0070_4,2024-08-07,ga_ga_original_data,/home/sebacastillo/ealab/expga1,100,0.1,0.75,15,133,0.174,1600,0.349,0.669,185,0.454,0.669,0.454,185.0,0.0,0.0,0.0,0.669,0.454,185,gcm_base_0070,original
all_leukemia_base_0075_0,2024-09-23,ga_ga_original_data,/mnt/batch/tasks/shared/LS_root/mounts/clusters/thesis/code/ealab/expga1,100,0.1,0.75,15,1222,0.303,400,0.607,0.585,204,0.68,0.585,0.68,204.0,0.0,0.0,0.0,0.585,0.68,204,all_leukemia_base_0075,aumentados
all_leukemia_base_0075_1,2024-09-23,ga_ga_original_data,/mnt/batch/tasks/shared/LS_root/mounts/clusters/thesis/code/ealab/expga1,100,0.1,0.75,15,1222,0.303,400,0.607,0.612,187,0.691,0.612,0.691,187.0,0.0,0.0,0.0,0.612,0.691,187,all_leukemia_base_0075,aumentados
all_leukemia_base_0075_2,2024-09-23,ga_ga_original_data,/mnt/batch/tasks/shared/LS_root/mounts/clusters/thesis/code/ealab/expga1,100,0.1,0.75,15,1222,0.303,400,0.607,0.629,181,0.71,0.629,0.71,181.0,0.0,0.0,0.0,0.629,0.71,181,all_leukemia_base_0075,aumentados
all_leukemia_base_0075_3,2024-09-23,ga_ga_original_data,/mnt/batch/tasks/shared/LS_root/mounts/clusters/thesis/code/ealab/expga1,100,0.1,0.75,15,1222,0.303,400,0.607,0.609,177,0.66,0.609,0.66,177.0,0.0,0.0,0.0,0.609,0.66,177,all_leukemia_base_0075,aumentados
all_leukemia_base_0075_4,2024-09-23,ga_ga_original_data,/mnt/batch/tasks/shared/LS_root/mounts/clusters/thesis/code/ealab/expga1,100,0.1,0.75,15,1222,0.303,400,0.607,0.638,196,0.766,0.579,0.636,191.27,0.033,0.071,5.429,0.638,0.766,200,all_leukemia_base_0075,aumentados
all_leukemia_base_0075_5,2024-09-23,ga_ga_original_data,/mnt/batch/tasks/shared/LS_root/mounts/clusters/thesis/code/ealab/expga1,100,0.1,0.75,15,1222,0.303,400,0.607,0.578,181,0.609,0.578,0.609,181.0,0.0,0.0,0.0,0.578,0.609,181,all_leukemia_base_0075,aumentados
all_leukemia_base_0075_6,2024-09-23,ga_ga_original_data,/mnt/batch/tasks/shared/LS_root/mounts/clusters/thesis/code/ealab/expga1,100,0.1,0.75,15,1222,0.303,400,0.607,0.598,181,0.648,0.598,0.648,181.0,0.0,0.0,0.0,0.598,0.648,181,all_leukemia_base_0075,aumentados
all_leukemia_base_0075_7,2024-09-23,ga_ga_original_data,/mnt/batch/tasks/shared/LS_root/mounts/clusters/thesis/code/ealab/expga1,100,0.1,0.75,15,1222,0.303,400,0.607,0.614,193,0.711,0.593,0.667,192.38,0.029,0.06,1.599,0.621,0.724,194,all_leukemia_base_0075,aumentados
all_leukemia_base_0076_0,2024-09-23,ga_ga_original_data,/mnt/batch/tasks/shared/LS_root/mounts/clusters/thesis/code/ealab/expga1,100,0.1,0.75,15,228,0.287,400,0.575,0.613,177,0.669,0.613,0.669,177.0,0.0,0.0,0.0,0.613,0.669,177,all_leukemia_base_0076,original
all_leukemia_base_0076_1,2024-09-23,ga_ga_original_data,/mnt/batch/tasks/shared/LS_root/mounts/clusters/thesis/code/ealab/expga1,100,0.1,0.75,15,228,0.287,400,0.575,0.581,210,0.687,0.581,0.687,210.0,0.0,0.0,0.0,0.581,0.687,210,all_leukemia_base_0076,original
all_leukemia_base_0076_2,2024-09-23,ga_ga_original_data,/mnt/batch/tasks/shared/LS_root/mounts/clusters/thesis/code/ealab/expga1,100,0.1,0.75,15,228,0.287,400,0.575,0.57,180,0.591,0.57,0.591,180.0,0.0,0.0,0.0,0.57,0.591,180,all_leukemia_base_0076,original
all_leukemia_base_0076_3,2024-09-23,ga_ga_original_data,/mnt/batch/tasks/shared/LS_root/mounts/clusters/thesis/code/ealab/expga1,100,0.1,0.75,15,228,0.287,400,0.575,0.604,177,0.65,0.604,0.65,177.0,0.0,0.0,0.0,0.604,0.65,177,all_leukemia_base_0076,original
all_leukemia_base_0076_4,2024-09-23,ga_ga_original_data,/mnt/batch/tasks/shared/LS_root/mounts/clusters/thesis/code/ealab/expga1,100,0.1,0.75,15,228,0.287,400,0.575,0.582,182,0.62,0.582,0.62,182.0,0.0,0.0,0.0,0.582,0.62,182,all_leukemia_base_0076,original
all_leukemia_base_0076_5,2024-09-23,ga_ga_original_data,/mnt/batch/tasks/shared/LS_root/mounts/clusters/thesis/code/ealab/expga1,100,0.1,0.75,15,228,0.287,400,0.575,0.591,189,0.655,0.591,0.655,189.0,0.0,0.0,0.0,0.591,0.655,189,all_leukemia_base_0076,original
all_leukemia_base_0076_6,2024-09-23,ga_ga_original_data,/mnt/batch/tasks/shared/LS_root/mounts/clusters/thesis/code/ealab/expga1,100,0.1,0.75,15,228,0.287,400,0.575,0.631,188,0.732,0.631,0.732,188.0,0.0,0.0,0.0,0.631,0.732,188,all_leukemia_base_0076,original
all_leukemia_base_0076_7,2024-09-23,ga_ga_original_data,/mnt/batch/tasks/shared/LS_root/mounts/clusters/thesis/code/ealab/expga1,100,0.1,0.75,15,228,0.287,400,0.575,0.605,188,0.68,0.582,0.626,184.63,0.033,0.068,3.778,0.617,0.69,195,all_leukemia_base_0076,original
all_leukemia_base_0077_0,2024-09-23,ga_ga_original_data,/mnt/batch/tasks/shared/LS_root/mounts/clusters/thesis/code/ealab/expga1,100,0.1,0.75,15,1222,0.314,600,0.629,0.629,285,0.733,0.629,0.733,285.0,0.0,0.0,0.0,0.629,0.733,285,all_leukemia_base_0077,aumentados
all_leukemia_base_0077_1,2024-09-23,ga_ga_original_data,/mnt/batch/tasks/shared/LS_root/mounts/clusters/thesis/code/ealab/expga1,100,0.1,0.75,15,1222,0.314,600,0.629,0.648,285,0.771,0.648,0.771,285.0,0.0,0.0,0.0,0.648,0.771,285,all_leukemia_base_0077,aumentados
all_leukemia_base_0077_2,2024-09-23,ga_ga_original_data,/mnt/batch/tasks/shared/LS_root/mounts/clusters/thesis/code/ealab/expga1,100,0.1,0.75,15,1222,0.314,600,0.629,0.633,299,0.765,0.633,0.765,299.0,0.0,0.0,0.0,0.633,0.765,299,all_leukemia_base_0077,aumentados
all_leukemia_base_0077_3,2024-09-23,ga_ga_original_data,/mnt/batch/tasks/shared/LS_root/mounts/clusters/thesis/code/ealab/expga1,100,0.1,0.75,15,1222,0.314,600,0.629,0.627,290,0.738,0.596,0.673,288.33,0.037,0.078,5.616,0.627,0.738,301,all_leukemia_base_0077,aumentados
all_leukemia_base_0077_4,2024-09-23,ga_ga_original_data,/mnt/batch/tasks/shared/LS_root/mounts/clusters/thesis/code/ealab/expga1,100,0.1,0.75,15,1222,0.314,600,0.629,0.621,296,0.735,0.621,0.735,296.0,0.0,0.0,0.0,0.621,0.735,296,all_leukemia_base_0077,aumentados
all_leukemia_base_0078_0,2024-09-24,ga_ga_original_data,/mnt/batch/tasks/shared/LS_root/mounts/clusters/thesis/code/ealab/expga1,100,0.1,0.75,15,228,0.302,600,0.605,0.662,283,0.796,0.662,0.796,283.0,0.0,0.0,0.0,0.662,0.796,283,all_leukemia_base_0078,original
all_leukemia_base_0078_1,2024-09-24,ga_ga_original_data,/mnt/batch/tasks/shared/LS_root/mounts/clusters/thesis/code/ealab/expga1,100,0.1,0.75,15,228,0.302,600,0.605,0.63,287,0.739,0.63,0.739,287.0,0.0,0.0,0.0,0.63,0.739,287,all_leukemia_base_0078,original
all_leukemia_base_0078_2,2024-09-24,ga_ga_original_data,/mnt/batch/tasks/shared/LS_root/mounts/clusters/thesis/code/ealab/expga1,100,0.1,0.75,15,228,0.302,600,0.605,0.626,292,0.738,0.626,0.738,292.0,0.0,0.0,0.0,0.626,0.738,292,all_leukemia_base_0078,original
all_leukemia_base_0078_3,2024-09-24,ga_ga_original_data,/mnt/batch/tasks/shared/LS_root/mounts/clusters/thesis/code/ealab/expga1,100,0.1,0.75,15,228,0.302,600,0.605,0.631,285,0.736,0.631,0.736,285.0,0.0,0.0,0.0,0.631,0.736,285,all_leukemia_base_0078,original
all_leukemia_base_0078_4,2024-09-24,ga_ga_original_data,/mnt/batch/tasks/shared/LS_root/mounts/clusters/thesis/code/ealab/expga1,100,0.1,0.75,15,228,0.302,600,0.605,0.614,320,0.761,0.614,0.761,320.0,0.0,0.0,0.0,0.614,0.761,320,all_leukemia_base_0078,original
all_leukemia_base_0079_0,2024-09-24,ga_ga_original_data,/mnt/batch/tasks/shared/LS_root/mounts/clusters/thesis/code/ealab/expga1,100,0.1,0.75,15,1222,0.276,400,0.551,0.784,34,0.653,0.777,0.638,33.36,0.021,0.042,0.843,0.784,0.653,36,all_leukemia_base_0079,aumentados
all_leukemia_base_0079_1,2024-09-24,ga_ga_original_data,/mnt/batch/tasks/shared/LS_root/mounts/clusters/thesis/code/ealab/expga1,100,0.1,0.75,15,1222,0.276,400,0.551,0.754,38,0.602,0.741,0.578,38.46,0.029,0.057,1.053,0.754,0.602,44,all_leukemia_base_0079,aumentados
all_leukemia_base_0079_2,2024-09-24,ga_ga_original_data,/mnt/batch/tasks/shared/LS_root/mounts/clusters/thesis/code/ealab/expga1,100,0.1,0.75,15,1222,0.276,400,0.551,0.733,42,0.572,0.733,0.572,42.0,0.0,0.0,0.0,0.733,0.572,42,all_leukemia_base_0079,aumentados
all_leukemia_base_0079_3,2024-09-24,ga_ga_original_data,/mnt/batch/tasks/shared/LS_root/mounts/clusters/thesis/code/ealab/expga1,100,0.1,0.75,15,1222,0.276,400,0.551,0.794,33,0.67,0.794,0.67,33.0,0.0,0.0,0.0,0.794,0.67,33,all_leukemia_base_0079,aumentados
all_leukemia_base_0079_4,2024-09-24,ga_ga_original_data,/mnt/batch/tasks/shared/LS_root/mounts/clusters/thesis/code/ealab/expga1,100,0.1,0.75,15,1222,0.276,400,0.551,0.792,33,0.667,0.792,0.667,33.0,0.0,0.0,0.0,0.792,0.667,33,all_leukemia_base_0079,aumentados
all_leukemia_base_0080_0,2024-09-24,ga_ga_original_data,/mnt/batch/tasks/shared/LS_root/mounts/clusters/thesis/code/ealab/expga1,100,0.1,0.75,15,228,0.287,400,0.575,0.772,30,0.618,0.768,0.612,30.0,0.014,0.028,0.141,0.772,0.618,31,all_leukemia_base_0080,original
all_leukemia_base_0080_1,2024-09-24,ga_ga_original_data,/mnt/batch/tasks/shared/LS_root/mounts/clusters/thesis/code/ealab/expga1,100,0.1,0.75,15,228,0.287,400,0.575,0.754,38,0.603,0.754,0.603,38.0,0.0,0.0,0.0,0.754,0.603,38,all_leukemia_base_0080,original
all_leukemia_base_0080_2,2024-09-24,ga_ga_original_data,/mnt/batch/tasks/shared/LS_root/mounts/clusters/thesis/code/ealab/expga1,100,0.1,0.75,15,228,0.287,400,0.575,0.766,34,0.616,0.766,0.616,34.0,0.0,0.0,0.0,0.766,0.616,34,all_leukemia_base_0080,original
all_leukemia_base_0080_3,2024-09-24,ga_ga_original_data,/mnt/batch/tasks/shared/LS_root/mounts/clusters/thesis/code/ealab/expga1,100,0.1,0.75,15,228,0.287,400,0.575,0.785,33,0.652,0.758,0.598,32.41,0.031,0.062,0.694,0.785,0.652,35,all_leukemia_base_0080,original
all_leukemia_base_0080_4,2024-09-24,ga_ga_original_data,/mnt/batch/tasks/shared/LS_root/mounts/clusters/thesis/code/ealab/expga1,100,0.1,0.75,15,228,0.287,400,0.575,0.766,32,0.613,0.766,0.613,32.0,0.0,0.0,0.0,0.766,0.613,32,all_leukemia_base_0080,original
